Time_GMT,Temp_C
10/25/2003 8:10,22.08
10/25/2003 8:20,22.08
10/25/2003 8:30,22.08
10/25/2003 8:40,22.08
10/25/2003 8:50,22.08
10/25/2003 9:00,22.08
10/25/2003 9:10,22.08
10/25/2003 9:20,22.08
10/25/2003 9:30,21.77
10/25/2003 9:40,21.77
10/25/2003 9:50,21.77
10/25/2003 10:00,21.77
10/25/2003 10:10,21.77
10/25/2003 10:20,21.77
10/25/2003 10:30,21.77
10/25/2003 10:40,21.77
10/25/2003 10:50,21.77
10/25/2003 11:00,21.77
10/25/2003 11:10,21.77
10/25/2003 11:20,21.77
10/25/2003 11:30,21.46
10/25/2003 11:40,21.46
10/25/2003 11:50,21.46
10/25/2003 12:00,21.46
10/25/2003 12:10,21.46
10/25/2003 12:20,21.46
10/25/2003 12:30,21.46
10/25/2003 12:40,21.46
10/25/2003 12:50,21.46
10/25/2003 13:00,21.46
10/25/2003 13:10,21.46
10/25/2003 13:20,21.15
10/25/2003 13:30,21.15
10/25/2003 13:40,21.77
10/25/2003 13:50,22.4
10/25/2003 14:00,23.03
10/25/2003 14:10,23.34
10/25/2003 14:20,23.98
10/25/2003 14:30,24.62
10/25/2003 14:40,25.27
10/25/2003 14:50,25.27
10/25/2003 15:00,25.92
10/25/2003 15:10,25.92
10/25/2003 15:20,27.23
10/25/2003 15:30,30.66
10/25/2003 15:40,31.72
10/25/2003 15:50,32.44
10/25/2003 16:00,32.08
10/25/2003 16:10,32.44
10/25/2003 16:20,32.81
10/25/2003 16:30,33.18
10/25/2003 16:40,33.18
10/25/2003 16:50,32.81
10/25/2003 17:00,32.08
10/25/2003 17:10,31.01
10/25/2003 17:20,29.96
10/25/2003 17:30,28.92
10/25/2003 17:40,27.9
10/25/2003 17:50,26.57
10/25/2003 18:00,25.59
10/25/2003 18:10,24.62
10/25/2003 18:20,23.34
10/25/2003 18:30,22.4
10/25/2003 18:40,21.77
10/25/2003 18:50,21.15
10/25/2003 19:00,20.84
10/25/2003 19:10,20.54
10/25/2003 19:20,20.23
10/25/2003 19:30,19.63
10/25/2003 19:40,19.33
10/25/2003 19:50,19.33
10/25/2003 20:00,19.33
10/25/2003 20:10,19.33
10/25/2003 20:20,19.33
10/25/2003 20:30,19.33
10/25/2003 20:40,19.03
10/25/2003 20:50,19.03
10/25/2003 21:00,19.03
10/25/2003 21:10,19.03
10/25/2003 21:20,19.03
10/25/2003 21:30,19.03
10/25/2003 21:40,19.03
10/25/2003 21:50,18.73
10/25/2003 22:00,18.73
10/25/2003 22:10,18.73
10/25/2003 22:20,18.73
10/25/2003 22:30,18.73
10/25/2003 22:40,18.73
10/25/2003 22:50,18.73
10/25/2003 23:00,18.73
10/25/2003 23:10,18.73
10/25/2003 23:20,18.73
10/25/2003 23:30,18.73
10/25/2003 23:40,18.73
10/25/2003 23:50,18.73
10/26/2003 0:00,18.73
10/26/2003 0:10,18.73
10/26/2003 0:20,18.73
10/26/2003 0:30,18.73
10/26/2003 0:40,18.73
10/26/2003 0:50,18.73
10/26/2003 1:00,18.73
10/26/2003 1:10,18.73
10/26/2003 1:20,18.73
10/26/2003 1:30,18.43
10/26/2003 1:40,18.43
10/26/2003 1:50,18.43
10/26/2003 2:00,18.43
10/26/2003 2:10,18.43
10/26/2003 2:20,18.43
10/26/2003 2:30,18.43
10/26/2003 2:40,18.13
10/26/2003 2:50,18.13
10/26/2003 3:00,17.83
10/26/2003 3:10,17.83
10/26/2003 3:20,17.53
10/26/2003 3:30,17.23
10/26/2003 3:40,16.94
10/26/2003 3:50,16.64
10/26/2003 4:00,16.64
10/26/2003 4:10,16.64
10/26/2003 4:20,16.64
10/26/2003 4:30,16.64
10/26/2003 4:40,16.34
10/26/2003 4:50,16.64
10/26/2003 5:00,16.64
10/26/2003 5:10,16.34
10/26/2003 5:20,16.34
10/26/2003 5:30,16.94
10/26/2003 5:40,17.23
10/26/2003 5:50,17.53
10/26/2003 6:00,17.83
10/26/2003 6:10,17.83
10/26/2003 6:20,17.83
10/26/2003 6:30,17.83
10/26/2003 6:40,17.83
10/26/2003 6:50,17.83
10/26/2003 7:00,17.83
10/26/2003 7:10,17.83
10/26/2003 7:20,17.83
10/26/2003 7:30,17.83
10/26/2003 7:40,17.83
10/26/2003 7:50,17.83
10/26/2003 8:00,17.83
10/26/2003 8:10,17.83
10/26/2003 8:20,17.83
10/26/2003 8:30,17.83
10/26/2003 8:40,17.83
10/26/2003 8:50,17.83
10/26/2003 9:00,17.83
10/26/2003 9:10,17.83
10/26/2003 9:20,17.83
10/26/2003 9:30,17.83
10/26/2003 9:40,17.83
10/26/2003 9:50,17.83
10/26/2003 10:00,17.83
10/26/2003 10:10,17.83
10/26/2003 10:20,18.13
10/26/2003 10:30,18.13
10/26/2003 10:40,18.13
10/26/2003 10:50,18.13
10/26/2003 11:00,18.13
10/26/2003 11:10,18.13
10/26/2003 11:20,18.13
10/26/2003 11:30,18.13
10/26/2003 11:40,18.13
10/26/2003 11:50,18.13
10/26/2003 12:00,18.13
10/26/2003 12:10,18.13
10/26/2003 12:20,18.13
10/26/2003 12:30,18.13
10/26/2003 12:40,18.13
10/26/2003 12:50,18.43
10/26/2003 13:00,18.43
10/26/2003 13:10,18.43
10/26/2003 13:20,18.73
10/26/2003 13:30,19.03
10/26/2003 13:40,19.33
10/26/2003 13:50,20.23
10/26/2003 14:00,20.84
10/26/2003 14:10,21.77
10/26/2003 14:20,22.08
10/26/2003 14:30,22.08
10/26/2003 14:40,22.72
10/26/2003 14:50,23.66
10/26/2003 15:00,25.27
10/26/2003 15:10,26.24
10/26/2003 15:20,25.59
10/26/2003 15:30,26.24
10/26/2003 15:40,28.24
10/26/2003 15:50,29.26
10/26/2003 16:00,29.96
10/26/2003 16:10,29.61
10/26/2003 16:20,29.61
10/26/2003 16:30,29.61
10/26/2003 16:40,29.26
10/26/2003 16:50,27.57
10/26/2003 17:00,27.23
10/26/2003 17:10,26.57
10/26/2003 17:20,25.92
10/26/2003 17:30,25.27
10/26/2003 17:40,24.3
10/26/2003 17:50,23.34
10/26/2003 18:00,22.4
10/26/2003 18:10,21.46
10/26/2003 18:20,20.84
10/26/2003 18:30,20.23
10/26/2003 18:40,19.63
10/26/2003 18:50,19.33
10/26/2003 19:00,19.03
10/26/2003 19:10,19.03
10/26/2003 19:20,18.73
10/26/2003 19:30,18.73
10/26/2003 19:40,18.43
10/26/2003 19:50,18.13
10/26/2003 20:00,18.13
10/26/2003 20:10,17.83
10/26/2003 20:20,17.83
10/26/2003 20:30,17.83
10/26/2003 20:40,17.83
10/26/2003 20:50,18.13
10/26/2003 21:00,18.13
10/26/2003 21:10,18.13
10/26/2003 21:20,18.43
10/26/2003 21:30,18.43
10/26/2003 21:40,18.43
10/26/2003 21:50,18.43
10/26/2003 22:00,18.43
10/26/2003 22:10,18.43
10/26/2003 22:20,18.43
10/26/2003 22:30,18.43
10/26/2003 22:40,18.43
10/26/2003 22:50,18.43
10/26/2003 23:00,18.43
10/26/2003 23:10,18.43
10/26/2003 23:20,18.43
10/26/2003 23:30,18.43
10/26/2003 23:40,18.43
10/26/2003 23:50,18.43
10/27/2003 0:00,18.43
10/27/2003 0:10,18.43
10/27/2003 0:20,18.43
10/27/2003 0:30,18.43
10/27/2003 0:40,18.43
10/27/2003 0:50,18.43
10/27/2003 1:00,18.43
10/27/2003 1:10,18.43
10/27/2003 1:20,18.13
10/27/2003 1:30,18.13
10/27/2003 1:40,18.13
10/27/2003 1:50,18.13
10/27/2003 2:00,18.13
10/27/2003 2:10,18.13
10/27/2003 2:20,18.13
10/27/2003 2:30,18.13
10/27/2003 2:40,18.13
10/27/2003 2:50,18.13
10/27/2003 3:00,18.13
10/27/2003 3:10,18.13
10/27/2003 3:20,18.13
10/27/2003 3:30,18.13
10/27/2003 3:40,17.83
10/27/2003 3:50,17.83
10/27/2003 4:00,17.83
10/27/2003 4:10,17.83
10/27/2003 4:20,17.83
10/27/2003 4:30,17.53
10/27/2003 4:40,17.83
10/27/2003 4:50,17.83
10/27/2003 5:00,17.83
10/27/2003 5:10,17.83
10/27/2003 5:20,17.83
10/27/2003 5:30,17.83
10/27/2003 5:40,17.83
10/27/2003 5:50,17.83
10/27/2003 6:00,17.83
10/27/2003 6:10,17.83
10/27/2003 6:20,17.83
10/27/2003 6:30,17.83
10/27/2003 6:40,17.83
10/27/2003 6:50,17.83
10/27/2003 7:00,17.83
10/27/2003 7:10,18.13
10/27/2003 7:20,18.13
10/27/2003 7:30,18.13
10/27/2003 7:40,18.13
10/27/2003 7:50,18.13
10/27/2003 8:00,18.13
10/27/2003 8:10,18.13
10/27/2003 8:20,18.13
10/27/2003 8:30,18.13
10/27/2003 8:40,18.13
10/27/2003 8:50,18.13
10/27/2003 9:00,18.13
10/27/2003 9:10,18.13
10/27/2003 9:20,18.13
10/27/2003 9:30,18.13
10/27/2003 9:40,18.13
10/27/2003 9:50,18.13
10/27/2003 10:00,18.13
10/27/2003 10:10,18.13
10/27/2003 10:20,18.13
10/27/2003 10:30,18.13
10/27/2003 10:40,18.13
10/27/2003 10:50,18.13
10/27/2003 11:00,18.13
10/27/2003 11:10,18.13
10/27/2003 11:20,18.13
10/27/2003 11:30,18.13
10/27/2003 11:40,18.13
10/27/2003 11:50,18.13
10/27/2003 12:00,18.43
10/27/2003 12:10,18.43
10/27/2003 12:20,18.43
10/27/2003 12:30,18.43
10/27/2003 12:40,18.43
10/27/2003 12:50,18.43
10/27/2003 13:00,18.43
10/27/2003 13:10,18.43
10/27/2003 13:20,18.43
10/27/2003 13:30,18.73
10/27/2003 13:40,18.73
10/27/2003 13:50,18.73
10/27/2003 14:00,18.73
10/27/2003 14:10,19.03
10/27/2003 14:20,19.33
10/27/2003 14:30,19.93
10/27/2003 14:40,20.54
10/27/2003 14:50,21.15
10/27/2003 15:00,21.46
10/27/2003 15:10,21.77
10/27/2003 15:20,21.77
10/27/2003 15:30,22.4
10/27/2003 15:40,22.72
10/27/2003 15:50,23.03
10/27/2003 16:00,23.34
10/27/2003 16:10,24.62
10/27/2003 16:20,25.59
10/27/2003 16:30,26.24
10/27/2003 16:40,26.57
10/27/2003 16:50,26.91
10/27/2003 17:00,26.91
10/27/2003 17:10,26.57
10/27/2003 17:20,25.92
10/27/2003 17:30,24.94
10/27/2003 17:40,23.98
10/27/2003 17:50,23.03
10/27/2003 18:00,22.08
10/27/2003 18:10,21.15
10/27/2003 18:20,20.23
10/27/2003 18:30,19.93
10/27/2003 18:40,19.93
10/27/2003 18:50,19.93
10/27/2003 19:00,19.93
10/27/2003 19:10,19.63
10/27/2003 19:20,19.63
10/27/2003 19:30,19.63
10/27/2003 19:40,19.63
10/27/2003 19:50,19.33
10/27/2003 20:00,19.33
10/27/2003 20:10,19.33
10/27/2003 20:20,19.33
10/27/2003 20:30,19.33
10/27/2003 20:40,19.63
10/27/2003 20:50,19.33
10/27/2003 21:00,19.03
10/27/2003 21:10,18.73
10/27/2003 21:20,17.83
10/27/2003 21:30,17.53
10/27/2003 21:40,17.53
10/27/2003 21:50,17.83
10/27/2003 22:00,17.83
10/27/2003 22:10,17.83
10/27/2003 22:20,17.83
10/27/2003 22:30,18.13
10/27/2003 22:40,18.13
10/27/2003 22:50,18.13
10/27/2003 23:00,18.13
10/27/2003 23:10,18.13
10/27/2003 23:20,18.13
10/27/2003 23:30,18.13
10/27/2003 23:40,18.13
10/27/2003 23:50,18.13
10/28/2003 0:00,18.13
10/28/2003 0:10,18.13
10/28/2003 0:20,18.13
10/28/2003 0:30,18.13
10/28/2003 0:40,17.83
10/28/2003 0:50,17.83
10/28/2003 1:00,17.83
10/28/2003 1:10,17.53
10/28/2003 1:20,17.53
10/28/2003 1:30,17.53
10/28/2003 1:40,17.53
10/28/2003 1:50,17.53
10/28/2003 2:00,17.53
10/28/2003 2:10,17.53
10/28/2003 2:20,17.53
10/28/2003 2:30,17.53
10/28/2003 2:40,17.53
10/28/2003 2:50,17.53
10/28/2003 3:00,17.53
10/28/2003 3:10,17.53
10/28/2003 3:20,17.53
10/28/2003 3:30,17.53
10/28/2003 3:40,17.53
10/28/2003 3:50,17.23
10/28/2003 4:00,17.23
10/28/2003 4:10,17.23
10/28/2003 4:20,17.23
10/28/2003 4:30,17.23
10/28/2003 4:40,17.23
10/28/2003 4:50,17.23
10/28/2003 5:00,17.23
10/28/2003 5:10,17.23
10/28/2003 5:20,17.23
10/28/2003 5:30,17.23
10/28/2003 5:40,17.23
10/28/2003 5:50,17.23
10/28/2003 6:00,17.23
10/28/2003 6:10,17.23
10/28/2003 6:20,17.23
10/28/2003 6:30,17.23
10/28/2003 6:40,17.23
10/28/2003 6:50,17.23
10/28/2003 7:00,17.23
10/28/2003 7:10,17.23
10/28/2003 7:20,17.23
10/28/2003 7:30,17.23
10/28/2003 7:40,17.23
10/28/2003 7:50,17.23
10/28/2003 8:00,17.23
10/28/2003 8:10,17.23
10/28/2003 8:20,17.23
10/28/2003 8:30,17.23
10/28/2003 8:40,17.23
10/28/2003 8:50,17.23
10/28/2003 9:00,17.23
10/28/2003 9:10,17.23
10/28/2003 9:20,17.23
10/28/2003 9:30,17.23
10/28/2003 9:40,17.23
10/28/2003 9:50,17.23
10/28/2003 10:00,17.23
10/28/2003 10:10,17.53
10/28/2003 10:20,17.53
10/28/2003 10:30,17.53
10/28/2003 10:40,17.53
10/28/2003 10:50,17.53
10/28/2003 11:00,17.53
10/28/2003 11:10,17.53
10/28/2003 11:20,17.53
10/28/2003 11:30,17.53
10/28/2003 11:40,17.53
10/28/2003 11:50,17.53
10/28/2003 12:00,17.53
10/28/2003 12:10,17.53
10/28/2003 12:20,17.53
10/28/2003 12:30,17.53
10/28/2003 12:40,17.53
10/28/2003 12:50,17.53
10/28/2003 13:00,17.53
10/28/2003 13:10,17.53
10/28/2003 13:20,17.53
10/28/2003 13:30,17.83
10/28/2003 13:40,17.83
10/28/2003 13:50,17.83
10/28/2003 14:00,17.83
10/28/2003 14:10,17.83
10/28/2003 14:20,17.83
10/28/2003 14:30,17.83
10/28/2003 14:40,18.13
10/28/2003 14:50,18.13
10/28/2003 15:00,18.13
10/28/2003 15:10,18.43
10/28/2003 15:20,18.73
10/28/2003 15:30,19.33
10/28/2003 15:40,19.63
10/28/2003 15:50,20.23
10/28/2003 16:00,20.23
10/28/2003 16:10,20.54
10/28/2003 16:20,20.54
10/28/2003 16:30,20.84
10/28/2003 16:40,20.84
10/28/2003 16:50,21.46
10/28/2003 17:00,22.08
10/28/2003 17:10,22.08
10/28/2003 17:20,21.15
10/28/2003 17:30,20.54
10/28/2003 17:40,20.23
10/28/2003 17:50,19.63
10/28/2003 18:00,19.03
10/28/2003 18:10,18.43
10/28/2003 18:20,17.83
10/28/2003 18:30,17.53
10/28/2003 18:40,17.23
10/28/2003 18:50,17.23
10/28/2003 19:00,16.94
10/28/2003 19:10,16.64
10/28/2003 19:20,16.64
10/28/2003 19:30,16.34
10/28/2003 19:40,16.34
10/28/2003 19:50,16.34
10/28/2003 20:00,16.05
10/28/2003 20:10,16.05
10/28/2003 20:20,16.05
10/28/2003 20:30,15.76
10/28/2003 20:40,15.76
10/28/2003 20:50,15.76
10/28/2003 21:00,15.76
10/28/2003 21:10,15.76
10/28/2003 21:20,15.76
10/28/2003 21:30,15.76
10/28/2003 21:40,15.76
10/28/2003 21:50,15.76
10/28/2003 22:00,15.76
10/28/2003 22:10,16.34
10/28/2003 22:20,16.94
10/28/2003 22:30,17.53
10/28/2003 22:40,17.83
10/28/2003 22:50,18.13
10/28/2003 23:00,18.13
10/28/2003 23:10,18.13
10/28/2003 23:20,18.13
10/28/2003 23:30,18.43
10/28/2003 23:40,18.43
10/28/2003 23:50,18.43
10/29/2003 0:00,18.43
10/29/2003 0:10,18.43
10/29/2003 0:20,18.43
10/29/2003 0:30,18.43
10/29/2003 0:40,18.43
10/29/2003 0:50,18.43
10/29/2003 1:00,18.43
10/29/2003 1:10,18.43
10/29/2003 1:20,18.43
10/29/2003 1:30,18.43
10/29/2003 1:40,18.43
10/29/2003 1:50,18.43
10/29/2003 2:00,18.43
10/29/2003 2:10,18.43
10/29/2003 2:20,18.43
10/29/2003 2:30,18.43
10/29/2003 2:40,18.43
10/29/2003 2:50,18.43
10/29/2003 3:00,18.43
10/29/2003 3:10,18.43
10/29/2003 3:20,18.43
10/29/2003 3:30,18.43
10/29/2003 3:40,18.43
10/29/2003 3:50,18.43
10/29/2003 4:00,18.43
10/29/2003 4:10,18.43
10/29/2003 4:20,18.43
10/29/2003 4:30,18.43
10/29/2003 4:40,18.43
10/29/2003 4:50,18.43
10/29/2003 5:00,18.43
10/29/2003 5:10,18.43
10/29/2003 5:20,18.43
10/29/2003 5:30,18.43
10/29/2003 5:40,18.43
10/29/2003 5:50,18.43
10/29/2003 6:00,18.43
10/29/2003 6:10,18.43
10/29/2003 6:20,18.43
10/29/2003 6:30,18.43
10/29/2003 6:40,18.43
10/29/2003 6:50,18.43
10/29/2003 7:00,18.43
10/29/2003 7:10,18.43
10/29/2003 7:20,18.43
10/29/2003 7:30,18.43
10/29/2003 7:40,18.43
10/29/2003 7:50,18.43
10/29/2003 8:00,18.43
10/29/2003 8:10,18.43
10/29/2003 8:20,18.43
10/29/2003 8:30,18.43
10/29/2003 8:40,18.43
10/29/2003 8:50,18.43
10/29/2003 9:00,18.43
10/29/2003 9:10,18.43
10/29/2003 9:20,18.43
10/29/2003 9:30,18.43
10/29/2003 9:40,18.43
10/29/2003 9:50,18.43
10/29/2003 10:00,18.43
10/29/2003 10:10,18.43
10/29/2003 10:20,18.43
10/29/2003 10:30,18.43
10/29/2003 10:40,18.43
10/29/2003 10:50,18.43
10/29/2003 11:00,18.43
10/29/2003 11:10,18.43
10/29/2003 11:20,18.43
10/29/2003 11:30,18.43
10/29/2003 11:40,18.43
10/29/2003 11:50,18.43
10/29/2003 12:00,18.43
10/29/2003 12:10,18.43
10/29/2003 12:20,18.43
10/29/2003 12:30,18.43
10/29/2003 12:40,18.43
10/29/2003 12:50,18.43
10/29/2003 13:00,18.43
10/29/2003 13:10,18.43
10/29/2003 13:20,18.43
10/29/2003 13:30,18.43
10/29/2003 13:40,18.43
10/29/2003 13:50,18.43
10/29/2003 14:00,18.43
10/29/2003 14:10,18.43
10/29/2003 14:20,18.43
10/29/2003 14:30,18.43
10/29/2003 14:40,18.73
10/29/2003 14:50,18.73
10/29/2003 15:00,18.73
10/29/2003 15:10,18.73
10/29/2003 15:20,18.73
10/29/2003 15:30,18.73
10/29/2003 15:40,18.73
10/29/2003 15:50,18.73
10/29/2003 16:00,18.73
10/29/2003 16:10,18.73
10/29/2003 16:20,18.73
10/29/2003 16:30,18.73
10/29/2003 16:40,18.73
10/29/2003 16:50,18.73
10/29/2003 17:00,18.73
10/29/2003 17:10,18.43
10/29/2003 17:20,18.43
10/29/2003 17:30,18.43
10/29/2003 17:40,18.43
10/29/2003 17:50,18.13
10/29/2003 18:00,17.83
10/29/2003 18:10,17.53
10/29/2003 18:20,17.53
10/29/2003 18:30,17.23
10/29/2003 18:40,16.94
10/29/2003 18:50,16.94
10/29/2003 19:00,16.64
10/29/2003 19:10,16.64
10/29/2003 19:20,16.64
10/29/2003 19:30,16.64
10/29/2003 19:40,16.34
10/29/2003 19:50,16.34
10/29/2003 20:00,16.34
10/29/2003 20:10,16.34
10/29/2003 20:20,16.34
10/29/2003 20:30,16.34
10/29/2003 20:40,16.34
10/29/2003 20:50,16.64
10/29/2003 21:00,16.64
10/29/2003 21:10,16.64
10/29/2003 21:20,16.64
10/29/2003 21:30,16.64
10/29/2003 21:40,16.64
10/29/2003 21:50,16.64
10/29/2003 22:00,16.64
10/29/2003 22:10,16.64
10/29/2003 22:20,16.64
10/29/2003 22:30,16.94
10/29/2003 22:40,16.94
10/29/2003 22:50,16.64
10/29/2003 23:00,16.64
10/29/2003 23:10,16.64
10/29/2003 23:20,16.64
10/29/2003 23:30,16.94
10/29/2003 23:40,17.53
10/29/2003 23:50,17.83
10/30/2003 0:00,17.83
10/30/2003 0:10,17.83
10/30/2003 0:20,17.83
10/30/2003 0:30,17.83
10/30/2003 0:40,17.83
10/30/2003 0:50,18.13
10/30/2003 1:00,17.83
10/30/2003 1:10,17.83
10/30/2003 1:20,17.83
10/30/2003 1:30,17.83
10/30/2003 1:40,17.83
10/30/2003 1:50,17.83
10/30/2003 2:00,18.13
10/30/2003 2:10,17.83
10/30/2003 2:20,17.83
10/30/2003 2:30,17.83
10/30/2003 2:40,17.83
10/30/2003 2:50,17.83
10/30/2003 3:00,17.83
10/30/2003 3:10,17.83
10/30/2003 3:20,17.83
10/30/2003 3:30,17.83
10/30/2003 3:40,17.83
10/30/2003 3:50,17.83
10/30/2003 4:00,17.83
10/30/2003 4:10,17.83
10/30/2003 4:20,17.83
10/30/2003 4:30,17.83
10/30/2003 4:40,17.83
10/30/2003 4:50,17.83
10/30/2003 5:00,17.83
10/30/2003 5:10,17.53
10/30/2003 5:20,17.53
10/30/2003 5:30,17.53
10/30/2003 5:40,17.23
10/30/2003 5:50,17.23
10/30/2003 6:00,17.23
10/30/2003 6:10,17.23
10/30/2003 6:20,17.23
10/30/2003 6:30,16.94
10/30/2003 6:40,16.94
10/30/2003 6:50,16.94
10/30/2003 7:00,16.64
10/30/2003 7:10,16.64
10/30/2003 7:20,16.64
10/30/2003 7:30,16.34
10/30/2003 7:40,16.34
10/30/2003 7:50,16.34
10/30/2003 8:00,16.34
10/30/2003 8:10,16.34
10/30/2003 8:20,16.34
10/30/2003 8:30,16.34
10/30/2003 8:40,16.34
10/30/2003 8:50,16.34
10/30/2003 9:00,16.34
10/30/2003 9:10,16.34
10/30/2003 9:20,16.34
10/30/2003 9:30,16.34
10/30/2003 9:40,16.34
10/30/2003 9:50,16.34
10/30/2003 10:00,16.34
10/30/2003 10:10,16.34
10/30/2003 10:20,16.34
10/30/2003 10:30,16.34
10/30/2003 10:40,16.34
10/30/2003 10:50,16.34
10/30/2003 11:00,16.34
10/30/2003 11:10,16.34
10/30/2003 11:20,16.34
10/30/2003 11:30,16.34
10/30/2003 11:40,16.34
10/30/2003 11:50,16.34
10/30/2003 12:00,16.34
10/30/2003 12:10,16.34
10/30/2003 12:20,16.34
10/30/2003 12:30,16.34
10/30/2003 12:40,16.34
10/30/2003 12:50,16.34
10/30/2003 13:00,16.34
10/30/2003 13:10,16.34
10/30/2003 13:20,16.34
10/30/2003 13:30,16.34
10/30/2003 13:40,16.34
10/30/2003 13:50,16.34
10/30/2003 14:00,16.34
10/30/2003 14:10,16.34
10/30/2003 14:20,16.34
10/30/2003 14:30,16.34
10/30/2003 14:40,16.34
10/30/2003 14:50,16.34
10/30/2003 15:00,16.34
10/30/2003 15:10,16.34
10/30/2003 15:20,16.34
10/30/2003 15:30,16.34
10/30/2003 15:40,16.34
10/30/2003 15:50,16.34
10/30/2003 16:00,16.34
10/30/2003 16:10,16.34
10/30/2003 16:20,16.34
10/30/2003 16:30,16.34
10/30/2003 16:40,16.34
10/30/2003 16:50,16.34
10/30/2003 17:00,16.34
10/30/2003 17:10,16.34
10/30/2003 17:20,16.34
10/30/2003 17:30,16.34
10/30/2003 17:40,16.34
10/30/2003 17:50,16.34
10/30/2003 18:00,15.76
10/30/2003 18:10,15.47
10/30/2003 18:20,15.47
10/30/2003 18:30,15.17
10/30/2003 18:40,14.88
10/30/2003 18:50,14.3
10/30/2003 19:00,13.72
10/30/2003 19:10,13.14
10/30/2003 19:20,12.56
10/30/2003 19:30,12.27
10/30/2003 19:40,12.27
10/30/2003 19:50,11.98
10/30/2003 20:00,11.98
10/30/2003 20:10,11.98
10/30/2003 20:20,11.69
10/30/2003 20:30,11.69
10/30/2003 20:40,11.69
10/30/2003 20:50,11.69
10/30/2003 21:00,11.69
10/30/2003 21:10,11.69
10/30/2003 21:20,11.69
10/30/2003 21:30,11.69
10/30/2003 21:40,11.69
10/30/2003 21:50,11.69
10/30/2003 22:00,11.69
10/30/2003 22:10,11.69
10/30/2003 22:20,11.41
10/30/2003 22:30,11.41
10/30/2003 22:40,11.69
10/30/2003 22:50,11.69
10/30/2003 23:00,11.69
10/30/2003 23:10,11.69
10/30/2003 23:20,11.41
10/30/2003 23:30,11.41
10/30/2003 23:40,11.41
10/30/2003 23:50,11.41
10/31/2003 0:00,11.41
10/31/2003 0:10,11.41
10/31/2003 0:20,11.41
10/31/2003 0:30,11.41
10/31/2003 0:40,11.41
10/31/2003 0:50,11.69
10/31/2003 1:00,12.27
10/31/2003 1:10,13.14
10/31/2003 1:20,13.72
10/31/2003 1:30,14.01
10/31/2003 1:40,14.01
10/31/2003 1:50,14.01
10/31/2003 2:00,14.01
10/31/2003 2:10,14.3
10/31/2003 2:20,14.3
10/31/2003 2:30,14.3
10/31/2003 2:40,14.3
10/31/2003 2:50,14.3
10/31/2003 3:00,14.3
10/31/2003 3:10,14.3
10/31/2003 3:20,14.3
10/31/2003 3:30,14.3
10/31/2003 3:40,14.3
10/31/2003 3:50,14.3
10/31/2003 4:00,14.3
10/31/2003 4:10,14.3
10/31/2003 4:20,14.3
10/31/2003 4:30,14.3
10/31/2003 4:40,14.3
10/31/2003 4:50,14.3
10/31/2003 5:00,14.3
10/31/2003 5:10,14.3
10/31/2003 5:20,14.3
10/31/2003 5:30,14.3
10/31/2003 5:40,14.3
10/31/2003 5:50,14.3
10/31/2003 6:00,14.3
10/31/2003 6:10,14.3
10/31/2003 6:20,14.3
10/31/2003 6:30,14.01
10/31/2003 6:40,14.01
10/31/2003 6:50,14.01
10/31/2003 7:00,14.01
10/31/2003 7:10,14.01
10/31/2003 7:20,14.01
10/31/2003 7:30,14.01
10/31/2003 7:40,14.01
10/31/2003 7:50,14.01
10/31/2003 8:00,14.01
10/31/2003 8:10,14.01
10/31/2003 8:20,14.01
10/31/2003 8:30,14.01
10/31/2003 8:40,14.01
10/31/2003 8:50,13.72
10/31/2003 9:00,13.72
10/31/2003 9:10,14.01
10/31/2003 9:20,14.01
10/31/2003 9:30,14.01
10/31/2003 9:40,14.01
10/31/2003 9:50,14.01
10/31/2003 10:00,14.01
10/31/2003 10:10,14.01
10/31/2003 10:20,14.01
10/31/2003 10:30,14.01
10/31/2003 10:40,14.01
10/31/2003 10:50,14.01
10/31/2003 11:00,14.01
10/31/2003 11:10,14.01
10/31/2003 11:20,14.01
10/31/2003 11:30,14.01
10/31/2003 11:40,14.01
10/31/2003 11:50,14.01
10/31/2003 12:00,14.01
10/31/2003 12:10,14.01
10/31/2003 12:20,14.01
10/31/2003 12:30,14.01
10/31/2003 12:40,14.01
10/31/2003 12:50,14.01
10/31/2003 13:00,14.3
10/31/2003 13:10,14.01
10/31/2003 13:20,14.3
10/31/2003 13:30,14.3
10/31/2003 13:40,14.3
10/31/2003 13:50,14.3
10/31/2003 14:00,14.3
10/31/2003 14:10,14.01
10/31/2003 14:20,14.3
10/31/2003 14:30,14.3
10/31/2003 14:40,14.3
10/31/2003 14:50,14.01
10/31/2003 15:00,14.01
10/31/2003 15:10,14.01
10/31/2003 15:20,14.01
10/31/2003 15:30,14.01
10/31/2003 15:40,14.3
10/31/2003 15:50,14.3
10/31/2003 16:00,14.3
10/31/2003 16:10,14.3
10/31/2003 16:20,14.3
10/31/2003 16:30,14.3
10/31/2003 16:40,14.01
10/31/2003 16:50,14.01
10/31/2003 17:00,14.01
10/31/2003 17:10,14.3
10/31/2003 17:20,14.3
10/31/2003 17:30,14.3
10/31/2003 17:40,14.3
10/31/2003 17:50,14.3
10/31/2003 18:00,14.3
10/31/2003 18:10,14.01
10/31/2003 18:20,14.01
10/31/2003 18:30,14.01
10/31/2003 18:40,14.01
10/31/2003 18:50,14.01
10/31/2003 19:00,14.01
10/31/2003 19:10,14.01
10/31/2003 19:20,14.01
10/31/2003 19:30,14.01
10/31/2003 19:40,14.01
10/31/2003 19:50,13.72
10/31/2003 20:00,13.43
10/31/2003 20:10,13.43
10/31/2003 20:20,12.85
10/31/2003 20:30,12.56
10/31/2003 20:40,12.27
10/31/2003 20:50,12.27
10/31/2003 21:00,11.98
10/31/2003 21:10,11.98
10/31/2003 21:20,11.69
10/31/2003 21:30,11.69
10/31/2003 21:40,11.69
10/31/2003 21:50,11.69
10/31/2003 22:00,11.69
10/31/2003 22:10,11.41
10/31/2003 22:20,11.41
10/31/2003 22:30,11.41
10/31/2003 22:40,11.41
10/31/2003 22:50,11.12
10/31/2003 23:00,11.12
10/31/2003 23:10,11.12
10/31/2003 23:20,11.12
10/31/2003 23:30,11.12
10/31/2003 23:40,11.12
10/31/2003 23:50,11.12
11/1/2003 0:00,11.12
11/1/2003 0:10,11.12
11/1/2003 0:20,10.83
11/1/2003 0:30,10.83
11/1/2003 0:40,10.83
11/1/2003 0:50,10.83
11/1/2003 1:00,10.83
11/1/2003 1:10,10.83
11/1/2003 1:20,11.12
11/1/2003 1:30,11.12
11/1/2003 1:40,11.41
11/1/2003 1:50,11.69
11/1/2003 2:00,11.98
11/1/2003 2:10,12.27
11/1/2003 2:20,13.14
11/1/2003 2:30,13.72
11/1/2003 2:40,13.72
11/1/2003 2:50,14.01
11/1/2003 3:00,14.01
11/1/2003 3:10,14.01
11/1/2003 3:20,14.3
11/1/2003 3:30,14.3
11/1/2003 3:40,14.3
11/1/2003 3:50,14.3
11/1/2003 4:00,14.3
11/1/2003 4:10,14.3
11/1/2003 4:20,14.3
11/1/2003 4:30,14.3
11/1/2003 4:40,14.3
11/1/2003 4:50,14.3
11/1/2003 5:00,14.3
11/1/2003 5:10,14.3
11/1/2003 5:20,14.3
11/1/2003 5:30,14.3
11/1/2003 5:40,14.3
11/1/2003 5:50,14.3
11/1/2003 6:00,14.3
11/1/2003 6:10,14.3
11/1/2003 6:20,14.3
11/1/2003 6:30,14.3
11/1/2003 6:40,14.01
11/1/2003 6:50,14.01
11/1/2003 7:00,14.01
11/1/2003 7:10,14.01
11/1/2003 7:20,14.01
11/1/2003 7:30,14.01
11/1/2003 7:40,14.01
11/1/2003 7:50,14.01
11/1/2003 8:00,14.01
11/1/2003 8:10,14.01
11/1/2003 8:20,14.01
11/1/2003 8:30,14.01
11/1/2003 8:40,14.01
11/1/2003 8:50,14.3
11/1/2003 9:00,14.01
11/1/2003 9:10,14.3
11/1/2003 9:20,14.3
11/1/2003 9:30,14.3
11/1/2003 9:40,14.59
11/1/2003 9:50,14.59
11/1/2003 10:00,14.59
11/1/2003 10:10,14.88
11/1/2003 10:20,15.17
11/1/2003 10:30,15.47
11/1/2003 10:40,15.47
11/1/2003 10:50,15.76
11/1/2003 11:00,15.76
11/1/2003 11:10,15.76
11/1/2003 11:20,16.05
11/1/2003 11:30,16.05
11/1/2003 11:40,16.05
11/1/2003 11:50,16.34
11/1/2003 12:00,16.34
11/1/2003 12:10,16.64
11/1/2003 12:20,16.34
11/1/2003 12:30,16.34
11/1/2003 12:40,16.05
11/1/2003 12:50,16.05
11/1/2003 13:00,16.05
11/1/2003 13:10,15.76
11/1/2003 13:20,16.05
11/1/2003 13:30,15.76
11/1/2003 13:40,15.76
11/1/2003 13:50,15.76
11/1/2003 14:00,15.76
11/1/2003 14:10,15.47
11/1/2003 14:20,15.47
11/1/2003 14:30,15.47
11/1/2003 14:40,15.47
11/1/2003 14:50,15.47
11/1/2003 15:00,15.47
11/1/2003 15:10,15.47
11/1/2003 15:20,15.47
11/1/2003 15:30,15.17
11/1/2003 15:40,15.17
11/1/2003 15:50,15.17
11/1/2003 16:00,15.17
11/1/2003 16:10,15.17
11/1/2003 16:20,15.17
11/1/2003 16:30,15.17
11/1/2003 16:40,15.17
11/1/2003 16:50,15.17
11/1/2003 17:00,15.17
11/1/2003 17:10,15.17
11/1/2003 17:20,15.17
11/1/2003 17:30,15.17
11/1/2003 17:40,14.88
11/1/2003 17:50,14.88
11/1/2003 18:00,14.88
11/1/2003 18:10,14.88
11/1/2003 18:20,14.88
11/1/2003 18:30,14.88
11/1/2003 18:40,14.59
11/1/2003 18:50,14.59
11/1/2003 19:00,14.59
11/1/2003 19:10,14.59
11/1/2003 19:20,14.59
11/1/2003 19:30,14.59
11/1/2003 19:40,14.3
11/1/2003 19:50,14.3
11/1/2003 20:00,14.3
11/1/2003 20:10,14.3
11/1/2003 20:20,14.3
11/1/2003 20:30,14.01
11/1/2003 20:40,14.01
11/1/2003 20:50,13.72
11/1/2003 21:00,13.43
11/1/2003 21:10,13.14
11/1/2003 21:20,12.56
11/1/2003 21:30,11.98
11/1/2003 21:40,11.98
11/1/2003 21:50,11.69
11/1/2003 22:00,11.41
11/1/2003 22:10,11.41
11/1/2003 22:20,11.12
11/1/2003 22:30,11.12
11/1/2003 22:40,10.83
11/1/2003 22:50,10.83
11/1/2003 23:00,10.83
11/1/2003 23:10,10.83
11/1/2003 23:20,10.54
11/1/2003 23:30,10.54
11/1/2003 23:40,10.54
11/1/2003 23:50,10.54
11/2/2003 0:00,10.54
11/2/2003 0:10,10.54
11/2/2003 0:20,10.54
11/2/2003 0:30,10.26
11/2/2003 0:40,10.26
11/2/2003 0:50,10.26
11/2/2003 1:00,10.26
11/2/2003 1:10,10.26
11/2/2003 1:20,10.26
11/2/2003 1:30,10.26
11/2/2003 1:40,10.26
11/2/2003 1:50,10.26
11/2/2003 2:00,10.54
11/2/2003 2:10,11.12
11/2/2003 2:20,11.98
11/2/2003 2:30,12.85
11/2/2003 2:40,13.43
11/2/2003 2:50,13.43
11/2/2003 3:00,13.43
11/2/2003 3:10,13.43
11/2/2003 3:20,13.72
11/2/2003 3:30,13.72
11/2/2003 3:40,14.01
11/2/2003 3:50,14.01
11/2/2003 4:00,14.01
11/2/2003 4:10,14.01
11/2/2003 4:20,13.72
11/2/2003 4:30,13.72
11/2/2003 4:40,14.01
11/2/2003 4:50,14.01
11/2/2003 5:00,13.72
11/2/2003 5:10,14.01
11/2/2003 5:20,13.72
11/2/2003 5:30,13.72
11/2/2003 5:40,13.72
11/2/2003 5:50,13.72
11/2/2003 6:00,13.72
11/2/2003 6:10,13.72
11/2/2003 6:20,13.72
11/2/2003 6:30,13.72
11/2/2003 6:40,13.72
11/2/2003 6:50,13.72
11/2/2003 7:00,13.72
11/2/2003 7:10,13.72
11/2/2003 7:20,13.72
11/2/2003 7:30,13.72
11/2/2003 7:40,13.72
11/2/2003 7:50,13.72
11/2/2003 8:00,13.72
11/2/2003 8:10,13.72
11/2/2003 8:20,14.01
11/2/2003 8:30,14.01
11/2/2003 8:40,14.01
11/2/2003 8:50,14.3
11/2/2003 9:00,14.3
11/2/2003 9:10,14.59
11/2/2003 9:20,14.88
11/2/2003 9:30,15.17
11/2/2003 9:40,15.47
11/2/2003 9:50,15.76
11/2/2003 10:00,16.34
11/2/2003 10:10,16.64
11/2/2003 10:20,16.94
11/2/2003 10:30,16.94
11/2/2003 10:40,17.23
11/2/2003 10:50,17.53
11/2/2003 11:00,17.83
11/2/2003 11:10,18.13
11/2/2003 11:20,18.13
11/2/2003 11:30,18.43
11/2/2003 11:40,18.73
11/2/2003 11:50,18.73
11/2/2003 12:00,19.33
11/2/2003 12:10,19.33
11/2/2003 12:20,19.33
11/2/2003 12:30,19.33
11/2/2003 12:40,19.03
11/2/2003 12:50,19.03
11/2/2003 13:00,18.73
11/2/2003 13:10,18.73
11/2/2003 13:20,18.43
11/2/2003 13:30,18.43
11/2/2003 13:40,18.13
11/2/2003 13:50,17.83
11/2/2003 14:00,17.53
11/2/2003 14:10,17.23
11/2/2003 14:20,16.94
11/2/2003 14:30,16.64
11/2/2003 14:40,16.34
11/2/2003 14:50,16.34
11/2/2003 15:00,16.34
11/2/2003 15:10,16.05
11/2/2003 15:20,16.05
11/2/2003 15:30,16.05
11/2/2003 15:40,16.05
11/2/2003 15:50,16.05
11/2/2003 16:00,15.76
11/2/2003 16:10,15.76
11/2/2003 16:20,15.76
11/2/2003 16:30,15.76
11/2/2003 16:40,15.76
11/2/2003 16:50,15.76
11/2/2003 17:00,15.76
11/2/2003 17:10,15.76
11/2/2003 17:20,15.47
11/2/2003 17:30,15.47
11/2/2003 17:40,15.47
11/2/2003 17:50,15.47
11/2/2003 18:00,15.47
11/2/2003 18:10,15.47
11/2/2003 18:20,15.47
11/2/2003 18:30,15.47
11/2/2003 18:40,15.47
11/2/2003 18:50,15.17
11/2/2003 19:00,15.17
11/2/2003 19:10,15.17
11/2/2003 19:20,15.17
11/2/2003 19:30,15.17
11/2/2003 19:40,15.17
11/2/2003 19:50,15.17
11/2/2003 20:00,15.17
11/2/2003 20:10,15.17
11/2/2003 20:20,14.88
11/2/2003 20:30,14.59
11/2/2003 20:40,14.59
11/2/2003 20:50,14.01
11/2/2003 21:00,13.14
11/2/2003 21:10,12.56
11/2/2003 21:20,11.98
11/2/2003 21:30,11.69
11/2/2003 21:40,11.41
11/2/2003 21:50,11.12
11/2/2003 22:00,11.12
11/2/2003 22:10,10.83
11/2/2003 22:20,10.83
11/2/2003 22:30,10.83
11/2/2003 22:40,10.54
11/2/2003 22:50,10.54
11/2/2003 23:00,10.54
11/2/2003 23:10,10.54
11/2/2003 23:20,10.54
11/2/2003 23:30,10.54
11/2/2003 23:40,10.54
11/2/2003 23:50,10.54
11/3/2003 0:00,10.54
11/3/2003 0:10,10.54
11/3/2003 0:20,10.54
11/3/2003 0:30,10.54
11/3/2003 0:40,10.54
11/3/2003 0:50,10.54
11/3/2003 1:00,10.54
11/3/2003 1:10,10.26
11/3/2003 1:20,10.26
11/3/2003 1:30,10.26
11/3/2003 1:40,10.26
11/3/2003 1:50,10.26
11/3/2003 2:00,10.26
11/3/2003 2:10,10.26
11/3/2003 2:20,10.26
11/3/2003 2:30,10.54
11/3/2003 2:40,11.12
11/3/2003 2:50,12.27
11/3/2003 3:00,13.72
11/3/2003 3:10,14.59
11/3/2003 3:20,14.88
11/3/2003 3:30,14.88
11/3/2003 3:40,15.17
11/3/2003 3:50,15.17
11/3/2003 4:00,15.47
11/3/2003 4:10,15.47
11/3/2003 4:20,15.47
11/3/2003 4:30,15.47
11/3/2003 4:40,15.47
11/3/2003 4:50,15.47
11/3/2003 5:00,15.47
11/3/2003 5:10,15.47
11/3/2003 5:20,15.17
11/3/2003 5:30,15.47
11/3/2003 5:40,15.47
11/3/2003 5:50,15.47
11/3/2003 6:00,15.47
11/3/2003 6:10,15.47
11/3/2003 6:20,15.17
11/3/2003 6:30,15.17
11/3/2003 6:40,15.17
11/3/2003 6:50,15.17
11/3/2003 7:00,15.17
11/3/2003 7:10,15.17
11/3/2003 7:20,15.17
11/3/2003 7:30,15.17
11/3/2003 7:40,15.17
11/3/2003 7:50,15.17
11/3/2003 8:00,15.17
11/3/2003 8:10,15.17
11/3/2003 8:20,15.17
11/3/2003 8:30,15.17
11/3/2003 8:40,15.17
11/3/2003 8:50,15.47
11/3/2003 9:00,15.47
11/3/2003 9:10,15.47
11/3/2003 9:20,15.47
11/3/2003 9:30,15.47
11/3/2003 9:40,15.47
11/3/2003 9:50,15.47
11/3/2003 10:00,15.47
11/3/2003 10:10,15.76
11/3/2003 10:20,16.64
11/3/2003 10:30,17.83
11/3/2003 10:40,17.53
11/3/2003 10:50,18.43
11/3/2003 11:00,17.23
11/3/2003 11:10,16.34
11/3/2003 11:20,16.34
11/3/2003 11:30,19.93
11/3/2003 11:40,20.23
11/3/2003 11:50,18.43
11/3/2003 12:00,18.73
11/3/2003 12:10,20.23
11/3/2003 12:20,20.54
11/3/2003 12:30,19.33
11/3/2003 12:40,16.64
11/3/2003 12:50,17.53
11/3/2003 13:00,17.53
11/3/2003 13:10,20.23
11/3/2003 13:20,19.93
11/3/2003 13:30,18.43
11/3/2003 13:40,19.33
11/3/2003 13:50,20.54
11/3/2003 14:00,20.54
11/3/2003 14:10,19.63
11/3/2003 14:20,19.93
11/3/2003 14:30,18.73
11/3/2003 14:40,18.43
11/3/2003 14:50,18.73
11/3/2003 15:00,18.13
11/3/2003 15:10,17.53
11/3/2003 15:20,17.53
11/3/2003 15:30,17.23
11/3/2003 15:40,16.94
11/3/2003 15:50,16.34
11/3/2003 16:00,16.05
11/3/2003 16:10,16.05
11/3/2003 16:20,15.76
11/3/2003 16:30,15.76
11/3/2003 16:40,15.47
11/3/2003 16:50,15.47
11/3/2003 17:00,15.47
11/3/2003 17:10,15.47
11/3/2003 17:20,15.47
11/3/2003 17:30,15.47
11/3/2003 17:40,15.47
11/3/2003 17:50,15.47
11/3/2003 18:00,15.17
11/3/2003 18:10,15.17
11/3/2003 18:20,15.17
11/3/2003 18:30,15.17
11/3/2003 18:40,15.17
11/3/2003 18:50,15.17
11/3/2003 19:00,15.17
11/3/2003 19:10,15.17
11/3/2003 19:20,15.17
11/3/2003 19:30,15.17
11/3/2003 19:40,15.17
11/3/2003 19:50,15.17
11/3/2003 20:00,15.17
11/3/2003 20:10,15.17
11/3/2003 20:20,14.88
11/3/2003 20:30,14.88
11/3/2003 20:40,14.88
11/3/2003 20:50,15.17
11/3/2003 21:00,15.17
11/3/2003 21:10,15.17
11/3/2003 21:20,14.88
11/3/2003 21:30,14.88
11/3/2003 21:40,14.59
11/3/2003 21:50,14.3
11/3/2003 22:00,13.43
11/3/2003 22:10,12.85
11/3/2003 22:20,12.27
11/3/2003 22:30,11.69
11/3/2003 22:40,11.41
11/3/2003 22:50,11.41
11/3/2003 23:00,11.12
11/3/2003 23:10,11.12
11/3/2003 23:20,11.12
11/3/2003 23:30,10.83
11/3/2003 23:40,10.83
11/3/2003 23:50,10.83
11/4/2003 0:00,10.54
11/4/2003 0:10,10.54
11/4/2003 0:20,10.54
11/4/2003 0:30,10.54
11/4/2003 0:40,10.54
11/4/2003 0:50,10.26
11/4/2003 1:00,10.26
11/4/2003 1:10,10.26
11/4/2003 1:20,10.26
11/4/2003 1:30,10.26
11/4/2003 1:40,9.97
11/4/2003 1:50,9.97
11/4/2003 2:00,9.97
11/4/2003 2:10,9.97
11/4/2003 2:20,9.97
11/4/2003 2:30,9.68
11/4/2003 2:40,9.68
11/4/2003 2:50,9.68
11/4/2003 3:00,9.97
11/4/2003 3:10,10.54
11/4/2003 3:20,12.27
11/4/2003 3:30,13.72
11/4/2003 3:40,14.3
11/4/2003 3:50,14.59
11/4/2003 4:00,14.88
11/4/2003 4:10,14.88
11/4/2003 4:20,14.88
11/4/2003 4:30,15.17
11/4/2003 4:40,15.17
11/4/2003 4:50,15.17
11/4/2003 5:00,14.88
11/4/2003 5:10,14.88
11/4/2003 5:20,14.88
11/4/2003 5:30,15.17
11/4/2003 5:40,15.17
11/4/2003 5:50,15.17
11/4/2003 6:00,15.17
11/4/2003 6:10,15.17
11/4/2003 6:20,15.17
11/4/2003 6:30,14.88
11/4/2003 6:40,14.88
11/4/2003 6:50,14.88
11/4/2003 7:00,14.88
11/4/2003 7:10,14.88
11/4/2003 7:20,14.88
11/4/2003 7:30,14.88
11/4/2003 7:40,14.88
11/4/2003 7:50,14.88
11/4/2003 8:00,14.88
11/4/2003 8:10,14.88
11/4/2003 8:20,14.88
11/4/2003 8:30,14.88
11/4/2003 8:40,14.88
11/4/2003 8:50,14.88
11/4/2003 9:00,14.88
11/4/2003 9:10,14.88
11/4/2003 9:20,14.88
11/4/2003 9:30,15.17
11/4/2003 9:40,15.47
11/4/2003 9:50,15.76
11/4/2003 10:00,15.76
11/4/2003 10:10,16.34
11/4/2003 10:20,16.94
11/4/2003 10:30,17.23
11/4/2003 10:40,17.83
11/4/2003 10:50,18.43
11/4/2003 11:00,19.03
11/4/2003 11:10,19.63
11/4/2003 11:20,20.23
11/4/2003 11:30,21.46
11/4/2003 11:40,22.08
11/4/2003 11:50,23.66
11/4/2003 12:00,24.62
11/4/2003 12:10,26.24
11/4/2003 12:20,28.58
11/4/2003 12:30,29.96
11/4/2003 12:40,31.37
11/4/2003 12:50,32.44
11/4/2003 13:00,32.81
11/4/2003 13:10,32.81
11/4/2003 13:20,32.81
11/4/2003 13:30,32.81
11/4/2003 13:40,31.01
11/4/2003 13:50,31.37
11/4/2003 14:00,31.72
11/4/2003 14:10,31.01
11/4/2003 14:20,27.9
11/4/2003 14:30,25.59
11/4/2003 14:40,23.66
11/4/2003 14:50,21.77
11/4/2003 15:00,20.54
11/4/2003 15:10,19.93
11/4/2003 15:20,19.33
11/4/2003 15:30,18.73
11/4/2003 15:40,18.13
11/4/2003 15:50,17.83
11/4/2003 16:00,17.23
11/4/2003 16:10,16.94
11/4/2003 16:20,16.34
11/4/2003 16:30,16.05
11/4/2003 16:40,15.76
11/4/2003 16:50,15.47
11/4/2003 17:00,15.17
11/4/2003 17:10,15.17
11/4/2003 17:20,15.17
11/4/2003 17:30,15.17
11/4/2003 17:40,15.17
11/4/2003 17:50,15.17
11/4/2003 18:00,15.17
11/4/2003 18:10,15.17
11/4/2003 18:20,15.17
11/4/2003 18:30,15.17
11/4/2003 18:40,15.17
11/4/2003 18:50,15.17
11/4/2003 19:00,15.17
11/4/2003 19:10,15.17
11/4/2003 19:20,15.17
11/4/2003 19:30,15.17
11/4/2003 19:40,15.17
11/4/2003 19:50,15.17
11/4/2003 20:00,14.88
11/4/2003 20:10,14.88
11/4/2003 20:20,14.88
11/4/2003 20:30,15.17
11/4/2003 20:40,15.17
11/4/2003 20:50,15.17
11/4/2003 21:00,15.47
11/4/2003 21:10,15.17
11/4/2003 21:20,15.17
11/4/2003 21:30,15.47
11/4/2003 21:40,15.47
11/4/2003 21:50,15.17
11/4/2003 22:00,15.17
11/4/2003 22:10,14.88
11/4/2003 22:20,14.88
11/4/2003 22:30,14.59
11/4/2003 22:40,14.01
11/4/2003 22:50,13.14
11/4/2003 23:00,12.56
11/4/2003 23:10,11.98
11/4/2003 23:20,11.41
11/4/2003 23:30,11.12
11/4/2003 23:40,11.12
11/4/2003 23:50,10.83
11/5/2003 0:00,10.83
11/5/2003 0:10,10.83
11/5/2003 0:20,10.83
11/5/2003 0:30,10.83
11/5/2003 0:40,10.54
11/5/2003 0:50,10.54
11/5/2003 1:00,10.54
11/5/2003 1:10,10.54
11/5/2003 1:20,10.26
11/5/2003 1:30,10.26
11/5/2003 1:40,10.26
11/5/2003 1:50,10.26
11/5/2003 2:00,10.26
11/5/2003 2:10,10.26
11/5/2003 2:20,10.26
11/5/2003 2:30,10.26
11/5/2003 2:40,10.26
11/5/2003 2:50,10.26
11/5/2003 3:00,10.26
11/5/2003 3:10,10.83
11/5/2003 3:20,11.98
11/5/2003 3:30,12.85
11/5/2003 3:40,13.72
11/5/2003 3:50,14.01
11/5/2003 4:00,14.59
11/5/2003 4:10,14.59
11/5/2003 4:20,14.59
11/5/2003 4:30,14.88
11/5/2003 4:40,14.88
11/5/2003 4:50,14.88
11/5/2003 5:00,14.88
11/5/2003 5:10,14.88
11/5/2003 5:20,14.88
11/5/2003 5:30,14.88
11/5/2003 5:40,14.88
11/5/2003 5:50,14.88
11/5/2003 6:00,14.88
11/5/2003 6:10,14.88
11/5/2003 6:20,14.88
11/5/2003 6:30,14.88
11/5/2003 6:40,14.88
11/5/2003 6:50,14.88
11/5/2003 7:00,14.88
11/5/2003 7:10,14.88
11/5/2003 7:20,14.88
11/5/2003 7:30,14.88
11/5/2003 7:40,14.88
11/5/2003 7:50,14.88
11/5/2003 8:00,14.88
11/5/2003 8:10,14.88
11/5/2003 8:20,14.88
11/5/2003 8:30,14.88
11/5/2003 8:40,14.88
11/5/2003 8:50,14.88
11/5/2003 9:00,14.88
11/5/2003 9:10,14.88
11/5/2003 9:20,14.88
11/5/2003 9:30,15.17
11/5/2003 9:40,15.17
11/5/2003 9:50,15.17
11/5/2003 10:00,15.47
11/5/2003 10:10,15.76
11/5/2003 10:20,16.34
11/5/2003 10:30,16.64
11/5/2003 10:40,17.23
11/5/2003 10:50,17.53
11/5/2003 11:00,18.13
11/5/2003 11:10,18.73
11/5/2003 11:20,19.33
11/5/2003 11:30,19.93
11/5/2003 11:40,20.84
11/5/2003 11:50,22.08
11/5/2003 12:00,23.34
11/5/2003 12:10,24.62
11/5/2003 12:20,26.24
11/5/2003 12:30,28.58
11/5/2003 12:40,29.96
11/5/2003 12:50,31.72
11/5/2003 13:00,32.81
11/5/2003 13:10,34.67
11/5/2003 13:20,35.06
11/5/2003 13:30,33.92
11/5/2003 13:40,34.29
11/5/2003 13:50,34.29
11/5/2003 14:00,30.31
11/5/2003 14:10,29.26
11/5/2003 14:20,29.61
11/5/2003 14:30,29.96
11/5/2003 14:40,32.08
11/5/2003 14:50,33.55
11/5/2003 15:00,34.29
11/5/2003 15:10,34.67
11/5/2003 15:20,33.92
11/5/2003 15:30,33.18
11/5/2003 15:40,29.26
11/5/2003 15:50,26.24
11/5/2003 16:00,22.72
11/5/2003 16:10,19.63
11/5/2003 16:20,17.53
11/5/2003 16:30,16.64
11/5/2003 16:40,16.34
11/5/2003 16:50,16.05
11/5/2003 17:00,16.05
11/5/2003 17:10,16.05
11/5/2003 17:20,16.05
11/5/2003 17:30,16.05
11/5/2003 17:40,15.76
11/5/2003 17:50,16.05
11/5/2003 18:00,15.76
11/5/2003 18:10,15.76
11/5/2003 18:20,15.76
11/5/2003 18:30,16.05
11/5/2003 18:40,15.76
11/5/2003 18:50,15.76
11/5/2003 19:00,15.76
11/5/2003 19:10,16.05
11/5/2003 19:20,16.05
11/5/2003 19:30,15.76
11/5/2003 19:40,15.76
11/5/2003 19:50,16.05
11/5/2003 20:00,15.76
11/5/2003 20:10,15.76
11/5/2003 20:20,15.76
11/5/2003 20:30,15.76
11/5/2003 20:40,15.76
11/5/2003 20:50,15.76
11/5/2003 21:00,15.76
11/5/2003 21:10,15.76
11/5/2003 21:20,15.76
11/5/2003 21:30,15.76
11/5/2003 21:40,15.76
11/5/2003 21:50,15.76
11/5/2003 22:00,15.76
11/5/2003 22:10,15.76
11/5/2003 22:20,15.76
11/5/2003 22:30,15.76
11/5/2003 22:40,15.76
11/5/2003 22:50,15.76
11/5/2003 23:00,15.76
11/5/2003 23:10,15.76
11/5/2003 23:20,15.76
11/5/2003 23:30,15.47
11/5/2003 23:40,15.17
11/5/2003 23:50,15.17
11/6/2003 0:00,14.88
11/6/2003 0:10,14.59
11/6/2003 0:20,14.3
11/6/2003 0:30,13.72
11/6/2003 0:40,13.43
11/6/2003 0:50,13.43
11/6/2003 1:00,13.43
11/6/2003 1:10,13.43
11/6/2003 1:20,13.43
11/6/2003 1:30,13.43
11/6/2003 1:40,13.43
11/6/2003 1:50,13.43
11/6/2003 2:00,13.43
11/6/2003 2:10,13.43
11/6/2003 2:20,13.72
11/6/2003 2:30,13.72
11/6/2003 2:40,13.43
11/6/2003 2:50,13.72
11/6/2003 3:00,14.3
11/6/2003 3:10,14.01
11/6/2003 3:20,14.88
11/6/2003 3:30,15.47
11/6/2003 3:40,15.47
11/6/2003 3:50,15.76
11/6/2003 4:00,15.76
11/6/2003 4:10,15.76
11/6/2003 4:20,16.05
11/6/2003 4:30,16.05
11/6/2003 4:40,16.05
11/6/2003 4:50,16.05
11/6/2003 5:00,16.05
11/6/2003 5:10,16.05
11/6/2003 5:20,16.05
11/6/2003 5:30,16.05
11/6/2003 5:40,16.05
11/6/2003 5:50,16.05
11/6/2003 6:00,16.05
11/6/2003 6:10,16.05
11/6/2003 6:20,16.05
11/6/2003 6:30,16.05
11/6/2003 6:40,16.05
11/6/2003 6:50,16.05
11/6/2003 7:00,16.05
11/6/2003 7:10,16.05
11/6/2003 7:20,16.05
11/6/2003 7:30,16.05
11/6/2003 7:40,16.05
11/6/2003 7:50,16.05
11/6/2003 8:00,16.05
11/6/2003 8:10,16.05
11/6/2003 8:20,16.05
11/6/2003 8:30,16.05
11/6/2003 8:40,16.05
11/6/2003 8:50,16.05
11/6/2003 9:00,16.05
11/6/2003 9:10,16.05
11/6/2003 9:20,16.05
11/6/2003 9:30,16.34
11/6/2003 9:40,16.34
11/6/2003 9:50,16.34
11/6/2003 10:00,16.34
11/6/2003 10:10,16.34
11/6/2003 10:20,16.64
11/6/2003 10:30,16.94
11/6/2003 10:40,17.23
11/6/2003 10:50,17.53
11/6/2003 11:00,17.83
11/6/2003 11:10,18.73
11/6/2003 11:20,19.33
11/6/2003 11:30,19.93
11/6/2003 11:40,20.54
11/6/2003 11:50,21.46
11/6/2003 12:00,21.77
11/6/2003 12:10,22.4
11/6/2003 12:20,23.34
11/6/2003 12:30,24.94
11/6/2003 12:40,28.24
11/6/2003 12:50,31.01
11/6/2003 13:00,33.55
11/6/2003 13:10,35.44
11/6/2003 13:20,36.22
11/6/2003 13:30,37.41
11/6/2003 13:40,38.22
11/6/2003 13:50,39.04
11/6/2003 14:00,39.46
11/6/2003 14:10,39.46
11/6/2003 14:20,39.46
11/6/2003 14:30,39.04
11/6/2003 14:40,38.63
11/6/2003 14:50,37.81
11/6/2003 15:00,36.61
11/6/2003 15:10,35.83
11/6/2003 15:20,35.06
11/6/2003 15:30,33.92
11/6/2003 15:40,32.08
11/6/2003 15:50,29.26
11/6/2003 16:00,28.24
11/6/2003 16:10,26.57
11/6/2003 16:20,24.3
11/6/2003 16:30,21.77
11/6/2003 16:40,19.93
11/6/2003 16:50,18.13
11/6/2003 17:00,16.64
11/6/2003 17:10,16.34
11/6/2003 17:20,16.64
11/6/2003 17:30,16.64
11/6/2003 17:40,16.94
11/6/2003 17:50,16.94
11/6/2003 18:00,16.94
11/6/2003 18:10,16.94
11/6/2003 18:20,16.94
11/6/2003 18:30,16.94
11/6/2003 18:40,16.94
11/6/2003 18:50,16.94
11/6/2003 19:00,16.94
11/6/2003 19:10,16.94
11/6/2003 19:20,16.94
11/6/2003 19:30,16.94
11/6/2003 19:40,16.94
11/6/2003 19:50,16.94
11/6/2003 20:00,16.94
11/6/2003 20:10,16.94
11/6/2003 20:20,16.94
11/6/2003 20:30,16.94
11/6/2003 20:40,16.94
11/6/2003 20:50,16.94
11/6/2003 21:00,16.94
11/6/2003 21:10,16.94
11/6/2003 21:20,16.64
11/6/2003 21:30,16.64
11/6/2003 21:40,16.94
11/6/2003 21:50,16.64
11/6/2003 22:00,16.64
11/6/2003 22:10,16.64
11/6/2003 22:20,16.64
11/6/2003 22:30,16.64
11/6/2003 22:40,16.64
11/6/2003 22:50,16.64
11/6/2003 23:00,16.64
11/6/2003 23:10,16.64
11/6/2003 23:20,16.64
11/6/2003 23:30,16.64
11/6/2003 23:40,16.64
11/6/2003 23:50,16.34
11/7/2003 0:00,16.34
11/7/2003 0:10,16.05
11/7/2003 0:20,15.76
11/7/2003 0:30,15.76
11/7/2003 0:40,15.47
11/7/2003 0:50,15.47
11/7/2003 1:00,15.17
11/7/2003 1:10,14.88
11/7/2003 1:20,14.59
11/7/2003 1:30,14.3
11/7/2003 1:40,14.01
11/7/2003 1:50,14.01
11/7/2003 2:00,14.01
11/7/2003 2:10,13.72
11/7/2003 2:20,13.72
11/7/2003 2:30,13.43
11/7/2003 2:40,14.01
11/7/2003 2:50,14.3
11/7/2003 3:00,14.3
11/7/2003 3:10,14.3
11/7/2003 3:20,14.88
11/7/2003 3:30,15.17
11/7/2003 3:40,15.76
11/7/2003 3:50,16.05
11/7/2003 4:00,16.05
11/7/2003 4:10,16.34
11/7/2003 4:20,16.34
11/7/2003 4:30,16.34
11/7/2003 4:40,16.34
11/7/2003 4:50,16.34
11/7/2003 5:00,16.34
11/7/2003 5:10,16.34
11/7/2003 5:20,16.34
11/7/2003 5:30,16.34
11/7/2003 5:40,16.34
11/7/2003 5:50,16.34
11/7/2003 6:00,16.34
11/7/2003 6:10,16.34
11/7/2003 6:20,16.34
11/7/2003 6:30,16.34
11/7/2003 6:40,16.34
11/7/2003 6:50,16.34
11/7/2003 7:00,16.34
11/7/2003 7:10,16.34
11/7/2003 7:20,16.34
11/7/2003 7:30,16.34
11/7/2003 7:40,16.34
11/7/2003 7:50,16.34
11/7/2003 8:00,16.34
11/7/2003 8:10,16.34
11/7/2003 8:20,16.34
11/7/2003 8:30,16.34
11/7/2003 8:40,16.34
11/7/2003 8:50,16.34
11/7/2003 9:00,16.34
11/7/2003 9:10,16.34
11/7/2003 9:20,16.34
11/7/2003 9:30,16.64
11/7/2003 9:40,16.64
11/7/2003 9:50,16.64
11/7/2003 10:00,16.64
11/7/2003 10:10,16.64
11/7/2003 10:20,16.64
11/7/2003 10:30,16.64
11/7/2003 10:40,16.64
11/7/2003 10:50,16.94
11/7/2003 11:00,17.23
11/7/2003 11:10,17.53
11/7/2003 11:20,17.83
11/7/2003 11:30,18.13
11/7/2003 11:40,17.53
11/7/2003 11:50,17.83
11/7/2003 12:00,18.43
11/7/2003 12:10,19.93
11/7/2003 12:20,20.23
11/7/2003 12:30,19.33
11/7/2003 12:40,19.03
11/7/2003 12:50,20.23
11/7/2003 13:00,22.4
11/7/2003 13:10,23.98
11/7/2003 13:20,22.4
11/7/2003 13:30,21.46
11/7/2003 13:40,20.84
11/7/2003 13:50,20.23
11/7/2003 14:00,20.54
11/7/2003 14:10,20.54
11/7/2003 14:20,20.84
11/7/2003 14:30,21.77
11/7/2003 14:40,23.03
11/7/2003 14:50,25.59
11/7/2003 15:00,28.92
11/7/2003 15:10,30.31
11/7/2003 15:20,30.66
11/7/2003 15:30,30.31
11/7/2003 15:40,29.26
11/7/2003 15:50,25.59
11/7/2003 16:00,25.27
11/7/2003 16:10,23.03
11/7/2003 16:20,21.15
11/7/2003 16:30,20.23
11/7/2003 16:40,20.23
11/7/2003 16:50,19.63
11/7/2003 17:00,18.43
11/7/2003 17:10,18.13
11/7/2003 17:20,17.53
11/7/2003 17:30,17.53
11/7/2003 17:40,16.94
11/7/2003 17:50,16.94
11/7/2003 18:00,16.94
11/7/2003 18:10,16.94
11/7/2003 18:20,17.23
11/7/2003 18:30,17.23
11/7/2003 18:40,17.23
11/7/2003 18:50,17.23
11/7/2003 19:00,17.23
11/7/2003 19:10,17.23
11/7/2003 19:20,17.23
11/7/2003 19:30,17.23
11/7/2003 19:40,17.23
11/7/2003 19:50,17.23
11/7/2003 20:00,17.23
11/7/2003 20:10,17.23
11/7/2003 20:20,17.23
11/7/2003 20:30,17.23
11/7/2003 20:40,16.94
11/7/2003 20:50,16.94
11/7/2003 21:00,16.94
11/7/2003 21:10,16.94
11/7/2003 21:20,16.94
11/7/2003 21:30,16.94
11/7/2003 21:40,16.94
11/7/2003 21:50,16.94
11/7/2003 22:00,16.94
11/7/2003 22:10,16.94
11/7/2003 22:20,16.94
11/7/2003 22:30,16.94
11/7/2003 22:40,16.94
11/7/2003 22:50,16.94
11/7/2003 23:00,16.94
11/7/2003 23:10,16.94
11/7/2003 23:20,16.94
11/7/2003 23:30,16.94
11/7/2003 23:40,16.94
11/7/2003 23:50,16.94
11/8/2003 0:00,16.94
11/8/2003 0:10,16.94
11/8/2003 0:20,16.94
11/8/2003 0:30,16.94
11/8/2003 0:40,16.94
11/8/2003 0:50,16.94
11/8/2003 1:00,16.94
11/8/2003 1:10,16.64
11/8/2003 1:20,16.64
11/8/2003 1:30,16.64
11/8/2003 1:40,16.64
11/8/2003 1:50,16.64
11/8/2003 2:00,16.64
11/8/2003 2:10,16.34
11/8/2003 2:20,16.34
11/8/2003 2:30,16.34
11/8/2003 2:40,16.34
11/8/2003 2:50,16.34
11/8/2003 3:00,16.34
11/8/2003 3:10,16.34
11/8/2003 3:20,16.34
11/8/2003 3:30,16.64
11/8/2003 3:40,16.64
11/8/2003 3:50,16.64
11/8/2003 4:00,16.64
11/8/2003 4:10,16.64
11/8/2003 4:20,16.94
11/8/2003 4:30,16.94
11/8/2003 4:40,16.94
11/8/2003 4:50,16.94
11/8/2003 5:00,16.94
11/8/2003 5:10,16.94
11/8/2003 5:20,16.94
11/8/2003 5:30,16.94
11/8/2003 5:40,16.94
11/8/2003 5:50,16.94
11/8/2003 6:00,16.94
11/8/2003 6:10,16.94
11/8/2003 6:20,16.94
11/8/2003 6:30,16.94
11/8/2003 6:40,16.94
11/8/2003 6:50,16.94
11/8/2003 7:00,16.94
11/8/2003 7:10,16.94
11/8/2003 7:20,16.94
11/8/2003 7:30,16.94
11/8/2003 7:40,16.94
11/8/2003 7:50,16.94
11/8/2003 8:00,16.94
11/8/2003 8:10,16.94
11/8/2003 8:20,16.94
11/8/2003 8:30,16.94
11/8/2003 8:40,16.94
11/8/2003 8:50,16.94
11/8/2003 9:00,16.94
11/8/2003 9:10,16.94
11/8/2003 9:20,16.94
11/8/2003 9:30,16.94
11/8/2003 9:40,16.94
11/8/2003 9:50,16.94
11/8/2003 10:00,16.94
11/8/2003 10:10,16.94
11/8/2003 10:20,17.23
11/8/2003 10:30,17.23
11/8/2003 10:40,17.23
11/8/2003 10:50,17.23
11/8/2003 11:00,17.23
11/8/2003 11:10,17.23
11/8/2003 11:20,17.23
11/8/2003 11:30,17.23
11/8/2003 11:40,17.23
11/8/2003 11:50,17.23
11/8/2003 12:00,17.23
11/8/2003 12:10,17.23
11/8/2003 12:20,17.53
11/8/2003 12:30,17.53
11/8/2003 12:40,17.23
11/8/2003 12:50,17.23
11/8/2003 13:00,17.23
11/8/2003 13:10,17.23
11/8/2003 13:20,17.23
11/8/2003 13:30,16.94
11/8/2003 13:40,16.94
11/8/2003 13:50,16.94
11/8/2003 14:00,16.64
11/8/2003 14:10,16.34
11/8/2003 14:20,16.34
11/8/2003 14:30,16.34
11/8/2003 14:40,16.34
11/8/2003 14:50,16.34
11/8/2003 15:00,16.34
11/8/2003 15:10,16.34
11/8/2003 15:20,16.34
11/8/2003 15:30,16.34
11/8/2003 15:40,16.34
11/8/2003 15:50,16.34
11/8/2003 16:00,16.34
11/8/2003 16:10,16.34
11/8/2003 16:20,16.34
11/8/2003 16:30,16.34
11/8/2003 16:40,16.34
11/8/2003 16:50,16.05
11/8/2003 17:00,16.05
11/8/2003 17:10,16.05
11/8/2003 17:20,16.05
11/8/2003 17:30,16.05
11/8/2003 17:40,16.05
11/8/2003 17:50,16.05
11/8/2003 18:00,16.05
11/8/2003 18:10,15.76
11/8/2003 18:20,15.76
11/8/2003 18:30,15.76
11/8/2003 18:40,15.76
11/8/2003 18:50,16.05
11/8/2003 19:00,16.34
11/8/2003 19:10,16.64
11/8/2003 19:20,16.94
11/8/2003 19:30,16.94
11/8/2003 19:40,16.94
11/8/2003 19:50,16.94
11/8/2003 20:00,16.94
11/8/2003 20:10,16.94
11/8/2003 20:20,16.94
11/8/2003 20:30,16.94
11/8/2003 20:40,16.94
11/8/2003 20:50,16.94
11/8/2003 21:00,16.94
11/8/2003 21:10,16.94
11/8/2003 21:20,16.94
11/8/2003 21:30,16.94
11/8/2003 21:40,16.94
11/8/2003 21:50,16.94
11/8/2003 22:00,16.94
11/8/2003 22:10,16.94
11/8/2003 22:20,16.94
11/8/2003 22:30,16.94
11/8/2003 22:40,16.94
11/8/2003 22:50,16.94
11/8/2003 23:00,16.94
11/8/2003 23:10,16.94
11/8/2003 23:20,16.94
11/8/2003 23:30,16.94
11/8/2003 23:40,16.64
11/8/2003 23:50,16.64
11/9/2003 0:00,16.64
11/9/2003 0:10,16.64
11/9/2003 0:20,16.64
11/9/2003 0:30,16.64
11/9/2003 0:40,16.64
11/9/2003 0:50,16.64
11/9/2003 1:00,16.64
11/9/2003 1:10,16.64
11/9/2003 1:20,16.64
11/9/2003 1:30,16.64
11/9/2003 1:40,16.64
11/9/2003 1:50,16.64
11/9/2003 2:00,16.64
11/9/2003 2:10,16.64
11/9/2003 2:20,16.64
11/9/2003 2:30,16.64
11/9/2003 2:40,16.64
11/9/2003 2:50,16.64
11/9/2003 3:00,16.64
11/9/2003 3:10,16.64
11/9/2003 3:20,16.64
11/9/2003 3:30,16.64
11/9/2003 3:40,16.64
11/9/2003 3:50,16.64
11/9/2003 4:00,16.64
11/9/2003 4:10,16.64
11/9/2003 4:20,16.64
11/9/2003 4:30,16.64
11/9/2003 4:40,16.64
11/9/2003 4:50,16.64
11/9/2003 5:00,16.64
11/9/2003 5:10,16.94
11/9/2003 5:20,16.94
11/9/2003 5:30,16.94
11/9/2003 5:40,16.94
11/9/2003 5:50,16.64
11/9/2003 6:00,16.64
11/9/2003 6:10,16.64
11/9/2003 6:20,16.64
11/9/2003 6:30,16.64
11/9/2003 6:40,16.64
11/9/2003 6:50,16.64
11/9/2003 7:00,16.64
11/9/2003 7:10,16.64
11/9/2003 7:20,16.64
11/9/2003 7:30,16.64
11/9/2003 7:40,16.64
11/9/2003 7:50,16.64
11/9/2003 8:00,16.64
11/9/2003 8:10,16.64
11/9/2003 8:20,16.64
11/9/2003 8:30,16.64
11/9/2003 8:40,16.94
11/9/2003 8:50,16.94
11/9/2003 9:00,16.94
11/9/2003 9:10,16.94
11/9/2003 9:20,16.94
11/9/2003 9:30,16.94
11/9/2003 9:40,16.94
11/9/2003 9:50,16.94
11/9/2003 10:00,16.94
11/9/2003 10:10,16.94
11/9/2003 10:20,16.94
11/9/2003 10:30,16.94
11/9/2003 10:40,16.94
11/9/2003 10:50,16.94
11/9/2003 11:00,16.94
11/9/2003 11:10,16.94
11/9/2003 11:20,16.94
11/9/2003 11:30,16.94
11/9/2003 11:40,16.94
11/9/2003 11:50,16.94
11/9/2003 12:00,17.23
11/9/2003 12:10,17.23
11/9/2003 12:20,17.23
11/9/2003 12:30,17.53
11/9/2003 12:40,17.83
11/9/2003 12:50,17.83
11/9/2003 13:00,18.13
11/9/2003 13:10,17.83
11/9/2003 13:20,18.13
11/9/2003 13:30,18.13
11/9/2003 13:40,18.73
11/9/2003 13:50,18.73
11/9/2003 14:00,19.33
11/9/2003 14:10,19.03
11/9/2003 14:20,19.03
11/9/2003 14:30,20.54
11/9/2003 14:40,21.46
11/9/2003 14:50,20.84
11/9/2003 15:00,20.54
11/9/2003 15:10,19.93
11/9/2003 15:20,19.33
11/9/2003 15:30,19.03
11/9/2003 15:40,18.43
11/9/2003 15:50,18.13
11/9/2003 16:00,17.83
11/9/2003 16:10,17.53
11/9/2003 16:20,17.53
11/9/2003 16:30,17.23
11/9/2003 16:40,16.94
11/9/2003 16:50,16.94
11/9/2003 17:00,16.64
11/9/2003 17:10,16.34
11/9/2003 17:20,16.34
11/9/2003 17:30,16.05
11/9/2003 17:40,15.76
11/9/2003 17:50,15.76
11/9/2003 18:00,15.76
11/9/2003 18:10,15.47
11/9/2003 18:20,15.47
11/9/2003 18:30,15.47
11/9/2003 18:40,15.47
11/9/2003 18:50,15.47
11/9/2003 19:00,15.47
11/9/2003 19:10,15.47
11/9/2003 19:20,15.47
11/9/2003 19:30,15.76
11/9/2003 19:40,16.34
11/9/2003 19:50,16.64
11/9/2003 20:00,16.64
11/9/2003 20:10,16.64
11/9/2003 20:20,16.64
11/9/2003 20:30,16.94
11/9/2003 20:40,16.94
11/9/2003 20:50,16.94
11/9/2003 21:00,16.94
11/9/2003 21:10,16.94
11/9/2003 21:20,16.94
11/9/2003 21:30,16.94
11/9/2003 21:40,16.94
11/9/2003 21:50,16.94
11/9/2003 22:00,16.94
11/9/2003 22:10,16.94
11/9/2003 22:20,16.94
11/9/2003 22:30,16.94
11/9/2003 22:40,16.94
11/9/2003 22:50,16.94
11/9/2003 23:00,16.64
11/9/2003 23:10,16.64
11/9/2003 23:20,16.64
11/9/2003 23:30,16.64
11/9/2003 23:40,16.64
11/9/2003 23:50,16.64
11/10/2003 0:00,16.64
11/10/2003 0:10,16.64
11/10/2003 0:20,16.64
11/10/2003 0:30,16.64
11/10/2003 0:40,16.94
11/10/2003 0:50,16.94
11/10/2003 1:00,16.64
11/10/2003 1:10,16.64
11/10/2003 1:20,16.64
11/10/2003 1:30,16.64
11/10/2003 1:40,16.64
11/10/2003 1:50,16.64
11/10/2003 2:00,16.64
11/10/2003 2:10,16.64
11/10/2003 2:20,16.64
11/10/2003 2:30,16.64
11/10/2003 2:40,16.34
11/10/2003 2:50,16.34
11/10/2003 3:00,16.34
11/10/2003 3:10,16.34
11/10/2003 3:20,16.64
11/10/2003 3:30,16.64
11/10/2003 3:40,16.34
11/10/2003 3:50,16.64
11/10/2003 4:00,16.64
11/10/2003 4:10,16.64
11/10/2003 4:20,16.64
11/10/2003 4:30,16.64
11/10/2003 4:40,16.64
11/10/2003 4:50,16.64
11/10/2003 5:00,16.64
11/10/2003 5:10,16.64
11/10/2003 5:20,16.64
11/10/2003 5:30,16.64
11/10/2003 5:40,16.64
11/10/2003 5:50,16.64
11/10/2003 6:00,16.64
11/10/2003 6:10,16.64
11/10/2003 6:20,16.64
11/10/2003 6:30,16.34
11/10/2003 6:40,16.34
11/10/2003 6:50,16.64
11/10/2003 7:00,16.64
11/10/2003 7:10,16.64
11/10/2003 7:20,16.64
11/10/2003 7:30,16.64
11/10/2003 7:40,16.64
11/10/2003 7:50,16.64
11/10/2003 8:00,16.64
11/10/2003 8:10,16.64
11/10/2003 8:20,16.64
11/10/2003 8:30,16.64
11/10/2003 8:40,16.64
11/10/2003 8:50,16.64
11/10/2003 9:00,16.64
11/10/2003 9:10,16.64
11/10/2003 9:20,16.64
11/10/2003 9:30,16.64
11/10/2003 9:40,16.64
11/10/2003 9:50,16.94
11/10/2003 10:00,16.94
11/10/2003 10:10,16.94
11/10/2003 10:20,16.94
11/10/2003 10:30,16.94
11/10/2003 10:40,16.94
11/10/2003 10:50,16.94
11/10/2003 11:00,16.94
11/10/2003 11:10,17.23
11/10/2003 11:20,17.23
11/10/2003 11:30,17.23
11/10/2003 11:40,17.23
11/10/2003 11:50,17.53
11/10/2003 12:00,17.53
11/10/2003 12:10,17.83
11/10/2003 12:20,18.13
11/10/2003 12:30,18.73
11/10/2003 12:40,19.33
11/10/2003 12:50,19.93
11/10/2003 13:00,20.54
11/10/2003 13:10,21.15
11/10/2003 13:20,22.08
11/10/2003 13:30,23.03
11/10/2003 13:40,23.66
11/10/2003 13:50,24.94
11/10/2003 14:00,26.91
11/10/2003 14:10,29.61
11/10/2003 14:20,31.37
11/10/2003 14:30,32.81
11/10/2003 14:40,33.92
11/10/2003 14:50,34.67
11/10/2003 15:00,34.67
11/10/2003 15:10,34.29
11/10/2003 15:20,32.81
11/10/2003 15:30,31.37
11/10/2003 15:40,30.31
11/10/2003 15:50,29.26
11/10/2003 16:00,27.57
11/10/2003 16:10,25.92
11/10/2003 16:20,24.62
11/10/2003 16:30,23.34
11/10/2003 16:40,22.08
11/10/2003 16:50,20.54
11/10/2003 17:00,19.03
11/10/2003 17:10,17.83
11/10/2003 17:20,16.94
11/10/2003 17:30,16.34
11/10/2003 17:40,16.05
11/10/2003 17:50,16.05
11/10/2003 18:00,15.76
11/10/2003 18:10,15.76
11/10/2003 18:20,15.47
11/10/2003 18:30,15.47
11/10/2003 18:40,15.47
11/10/2003 18:50,15.47
11/10/2003 19:00,15.17
11/10/2003 19:10,15.17
11/10/2003 19:20,15.17
11/10/2003 19:30,15.17
11/10/2003 19:40,15.17
11/10/2003 19:50,14.88
11/10/2003 20:00,14.88
11/10/2003 20:10,14.88
11/10/2003 20:20,15.17
11/10/2003 20:30,15.76
11/10/2003 20:40,16.34
11/10/2003 20:50,16.34
11/10/2003 21:00,16.64
11/10/2003 21:10,16.64
11/10/2003 21:20,16.64
11/10/2003 21:30,16.64
11/10/2003 21:40,16.64
11/10/2003 21:50,16.64
11/10/2003 22:00,16.64
11/10/2003 22:10,16.64
11/10/2003 22:20,16.64
11/10/2003 22:30,16.94
11/10/2003 22:40,16.94
11/10/2003 22:50,16.94
11/10/2003 23:00,16.94
11/10/2003 23:10,16.64
11/10/2003 23:20,16.64
11/10/2003 23:30,16.64
11/10/2003 23:40,16.64
11/10/2003 23:50,16.64
11/11/2003 0:00,16.64
11/11/2003 0:10,16.64
11/11/2003 0:20,16.64
11/11/2003 0:30,16.64
11/11/2003 0:40,16.64
11/11/2003 0:50,16.64
11/11/2003 1:00,16.64
11/11/2003 1:10,16.64
11/11/2003 1:20,16.34
11/11/2003 1:30,16.34
11/11/2003 1:40,16.34
11/11/2003 1:50,16.34
11/11/2003 2:00,16.34
11/11/2003 2:10,16.34
11/11/2003 2:20,16.34
11/11/2003 2:30,16.34
11/11/2003 2:40,16.34
11/11/2003 2:50,16.34
11/11/2003 3:00,16.34
11/11/2003 3:10,16.34
11/11/2003 3:20,16.34
11/11/2003 3:30,16.34
11/11/2003 3:40,16.34
11/11/2003 3:50,16.34
11/11/2003 4:00,16.34
11/11/2003 4:10,16.34
11/11/2003 4:20,16.34
11/11/2003 4:30,16.34
11/11/2003 4:40,16.34
11/11/2003 4:50,16.34
11/11/2003 5:00,16.34
11/11/2003 5:10,16.34
11/11/2003 5:20,16.34
11/11/2003 5:30,16.34
11/11/2003 5:40,16.34
11/11/2003 5:50,16.34
11/11/2003 6:00,16.34
11/11/2003 6:10,16.34
11/11/2003 6:20,16.05
11/11/2003 6:30,16.05
11/11/2003 6:40,16.05
11/11/2003 6:50,16.05
11/11/2003 7:00,16.05
11/11/2003 7:10,16.05
11/11/2003 7:20,16.05
11/11/2003 7:30,16.05
11/11/2003 7:40,16.05
11/11/2003 7:50,16.05
11/11/2003 8:00,16.05
11/11/2003 8:10,16.05
11/11/2003 8:20,16.05
11/11/2003 8:30,16.05
11/11/2003 8:40,16.05
11/11/2003 8:50,16.05
11/11/2003 9:00,16.05
11/11/2003 9:10,16.05
11/11/2003 9:20,16.05
11/11/2003 9:30,16.05
11/11/2003 9:40,16.34
11/11/2003 9:50,16.34
11/11/2003 10:00,16.34
11/11/2003 10:10,16.34
11/11/2003 10:20,16.34
11/11/2003 10:30,16.34
11/11/2003 10:40,16.34
11/11/2003 10:50,16.34
11/11/2003 11:00,16.34
11/11/2003 11:10,16.64
11/11/2003 11:20,16.64
11/11/2003 11:30,16.64
11/11/2003 11:40,16.64
11/11/2003 11:50,16.64
11/11/2003 12:00,16.64
11/11/2003 12:10,16.64
11/11/2003 12:20,16.64
11/11/2003 12:30,16.64
11/11/2003 12:40,16.94
11/11/2003 12:50,17.23
11/11/2003 13:00,17.83
11/11/2003 13:10,18.43
11/11/2003 13:20,19.03
11/11/2003 13:30,19.33
11/11/2003 13:40,19.03
11/11/2003 13:50,18.73
11/11/2003 14:00,18.43
11/11/2003 14:10,20.23
11/11/2003 14:20,19.93
11/11/2003 14:30,19.63
11/11/2003 14:40,20.23
11/11/2003 14:50,21.15
11/11/2003 15:00,20.54
11/11/2003 15:10,20.23
11/11/2003 15:20,19.93
11/11/2003 15:30,19.33
11/11/2003 15:40,18.73
11/11/2003 15:50,18.13
11/11/2003 16:00,17.83
11/11/2003 16:10,17.83
11/11/2003 16:20,17.53
11/11/2003 16:30,17.53
11/11/2003 16:40,17.23
11/11/2003 16:50,17.23
11/11/2003 17:00,16.94
11/11/2003 17:10,16.64
11/11/2003 17:20,16.64
11/11/2003 17:30,16.34
11/11/2003 17:40,16.34
11/11/2003 17:50,16.05
11/11/2003 18:00,16.05
11/11/2003 18:10,15.76
11/11/2003 18:20,15.76
11/11/2003 18:30,15.47
11/11/2003 18:40,15.17
11/11/2003 18:50,14.88
11/11/2003 19:00,14.88
11/11/2003 19:10,14.88
11/11/2003 19:20,14.59
11/11/2003 19:30,14.59
11/11/2003 19:40,14.59
11/11/2003 19:50,14.59
11/11/2003 20:00,14.59
11/11/2003 20:10,14.59
11/11/2003 20:20,14.59
11/11/2003 20:30,14.59
11/11/2003 20:40,14.59
11/11/2003 20:50,14.59
11/11/2003 21:00,14.59
11/11/2003 21:10,14.59
11/11/2003 21:20,15.17
11/11/2003 21:30,15.76
11/11/2003 21:40,16.05
11/11/2003 21:50,16.64
11/11/2003 22:00,16.64
11/11/2003 22:10,16.64
11/11/2003 22:20,16.94
11/11/2003 22:30,16.94
11/11/2003 22:40,16.64
11/11/2003 22:50,16.94
11/11/2003 23:00,16.64
11/11/2003 23:10,16.64
11/11/2003 23:20,16.94
11/11/2003 23:30,16.64
11/11/2003 23:40,16.64
11/11/2003 23:50,16.94
11/12/2003 0:00,16.94
11/12/2003 0:10,16.94
11/12/2003 0:20,16.94
11/12/2003 0:30,16.94
11/12/2003 0:40,16.94
11/12/2003 0:50,16.94
11/12/2003 1:00,16.94
11/12/2003 1:10,16.94
11/12/2003 1:20,16.94
11/12/2003 1:30,16.94
11/12/2003 1:40,16.94
11/12/2003 1:50,16.94
11/12/2003 2:00,16.94
11/12/2003 2:10,16.94
11/12/2003 2:20,16.64
11/12/2003 2:30,16.64
11/12/2003 2:40,16.64
11/12/2003 2:50,16.64
11/12/2003 3:00,16.64
11/12/2003 3:10,16.64
11/12/2003 3:20,16.64
11/12/2003 3:30,16.64
11/12/2003 3:40,16.64
11/12/2003 3:50,16.64
11/12/2003 4:00,16.64
11/12/2003 4:10,16.64
11/12/2003 4:20,16.64
11/12/2003 4:30,16.64
11/12/2003 4:40,16.64
11/12/2003 4:50,16.64
11/12/2003 5:00,16.64
11/12/2003 5:10,16.64
11/12/2003 5:20,16.64
11/12/2003 5:30,16.64
11/12/2003 5:40,16.64
11/12/2003 5:50,16.64
11/12/2003 6:00,16.64
11/12/2003 6:10,16.64
11/12/2003 6:20,16.64
11/12/2003 6:30,16.64
11/12/2003 6:40,16.64
11/12/2003 6:50,16.64
11/12/2003 7:00,16.64
11/12/2003 7:10,16.64
11/12/2003 7:20,16.64
11/12/2003 7:30,16.64
11/12/2003 7:40,16.94
11/12/2003 7:50,16.94
11/12/2003 8:00,16.94
11/12/2003 8:10,16.94
11/12/2003 8:20,16.94
11/12/2003 8:30,16.94
11/12/2003 8:40,16.94
11/12/2003 8:50,16.94
11/12/2003 9:00,16.94
11/12/2003 9:10,16.94
11/12/2003 9:20,16.94
11/12/2003 9:30,16.94
11/12/2003 9:40,16.94
11/12/2003 9:50,16.94
11/12/2003 10:00,16.94
11/12/2003 10:10,16.94
11/12/2003 10:20,16.94
11/12/2003 10:30,16.94
11/12/2003 10:40,16.94
11/12/2003 10:50,16.94
11/12/2003 11:00,16.94
11/12/2003 11:10,16.94
11/12/2003 11:20,16.94
11/12/2003 11:30,16.94
11/12/2003 11:40,16.94
11/12/2003 11:50,16.94
11/12/2003 12:00,16.94
11/12/2003 12:10,16.94
11/12/2003 12:20,16.94
11/12/2003 12:30,16.94
11/12/2003 12:40,16.94
11/12/2003 12:50,16.94
11/12/2003 13:00,16.94
11/12/2003 13:10,16.94
11/12/2003 13:20,17.23
11/12/2003 13:30,17.23
11/12/2003 13:40,17.23
11/12/2003 13:50,17.23
11/12/2003 14:00,17.23
11/12/2003 14:10,17.23
11/12/2003 14:20,17.23
11/12/2003 14:30,17.23
11/12/2003 14:40,17.23
11/12/2003 14:50,17.23
11/12/2003 15:00,16.94
11/12/2003 15:10,16.94
11/12/2003 15:20,16.64
11/12/2003 15:30,16.64
11/12/2003 15:40,16.34
11/12/2003 15:50,16.05
11/12/2003 16:00,15.76
11/12/2003 16:10,15.76
11/12/2003 16:20,15.76
11/12/2003 16:30,16.05
11/12/2003 16:40,16.05
11/12/2003 16:50,15.76
11/12/2003 17:00,15.47
11/12/2003 17:10,15.47
11/12/2003 17:20,15.17
11/12/2003 17:30,14.88
11/12/2003 17:40,14.59
11/12/2003 17:50,14.3
11/12/2003 18:00,14.3
11/12/2003 18:10,14.3
11/12/2003 18:20,14.3
11/12/2003 18:30,14.3
11/12/2003 18:40,14.01
11/12/2003 18:50,14.01
11/12/2003 19:00,13.72
11/12/2003 19:10,13.72
11/12/2003 19:20,13.72
11/12/2003 19:30,13.72
11/12/2003 19:40,13.72
11/12/2003 19:50,13.72
11/12/2003 20:00,13.72
11/12/2003 20:10,13.72
11/12/2003 20:20,13.43
11/12/2003 20:30,13.43
11/12/2003 20:40,13.43
11/12/2003 20:50,13.14
11/12/2003 21:00,13.14
11/12/2003 21:10,13.14
11/12/2003 21:20,13.14
11/12/2003 21:30,13.14
11/12/2003 21:40,13.14
11/12/2003 21:50,13.14
11/12/2003 22:00,13.14
11/12/2003 22:10,13.43
11/12/2003 22:20,13.72
11/12/2003 22:30,14.88
11/12/2003 22:40,15.47
11/12/2003 22:50,15.76
11/12/2003 23:00,16.05
11/12/2003 23:10,16.05
11/12/2003 23:20,16.05
11/12/2003 23:30,16.34
11/12/2003 23:40,16.34
11/12/2003 23:50,16.34
11/13/2003 0:00,16.34
11/13/2003 0:10,16.34
11/13/2003 0:20,16.34
11/13/2003 0:30,16.34
11/13/2003 0:40,16.34
11/13/2003 0:50,16.34
11/13/2003 1:00,16.34
11/13/2003 1:10,16.34
11/13/2003 1:20,16.34
11/13/2003 1:30,16.34
11/13/2003 1:40,16.34
11/13/2003 1:50,16.34
11/13/2003 2:00,16.34
11/13/2003 2:10,16.34
11/13/2003 2:20,16.34
11/13/2003 2:30,16.34
11/13/2003 2:40,16.34
11/13/2003 2:50,16.34
11/13/2003 3:00,16.34
11/13/2003 3:10,16.34
11/13/2003 3:20,16.34
11/13/2003 3:30,16.34
11/13/2003 3:40,16.34
11/13/2003 3:50,16.34
11/13/2003 4:00,16.34
11/13/2003 4:10,16.34
11/13/2003 4:20,16.34
11/13/2003 4:30,16.34
11/13/2003 4:40,16.34
11/13/2003 4:50,16.34
11/13/2003 5:00,16.34
11/13/2003 5:10,16.34
11/13/2003 5:20,16.34
11/13/2003 5:30,16.34
11/13/2003 5:40,16.34
11/13/2003 5:50,16.34
11/13/2003 6:00,16.34
11/13/2003 6:10,16.34
11/13/2003 6:20,16.34
11/13/2003 6:30,16.34
11/13/2003 6:40,16.34
11/13/2003 6:50,16.34
11/13/2003 7:00,16.34
11/13/2003 7:10,16.34
11/13/2003 7:20,16.34
11/13/2003 7:30,16.64
11/13/2003 7:40,16.64
11/13/2003 7:50,16.64
11/13/2003 8:00,16.64
11/13/2003 8:10,16.64
11/13/2003 8:20,16.64
11/13/2003 8:30,16.64
11/13/2003 8:40,16.64
11/13/2003 8:50,16.64
11/13/2003 9:00,16.64
11/13/2003 9:10,16.64
11/13/2003 9:20,16.64
11/13/2003 9:30,16.64
11/13/2003 9:40,16.64
11/13/2003 9:50,16.64
11/13/2003 10:00,16.64
11/13/2003 10:10,16.64
11/13/2003 10:20,16.64
11/13/2003 10:30,16.64
11/13/2003 10:40,16.94
11/13/2003 10:50,16.64
11/13/2003 11:00,16.94
11/13/2003 11:10,16.94
11/13/2003 11:20,16.94
11/13/2003 11:30,16.94
11/13/2003 11:40,16.94
11/13/2003 11:50,16.94
11/13/2003 12:00,16.94
11/13/2003 12:10,16.94
11/13/2003 12:20,16.94
11/13/2003 12:30,16.94
11/13/2003 12:40,16.94
11/13/2003 12:50,17.23
11/13/2003 13:00,17.23
11/13/2003 13:10,17.23
11/13/2003 13:20,17.23
11/13/2003 13:30,17.53
11/13/2003 13:40,17.83
11/13/2003 13:50,18.13
11/13/2003 14:00,18.43
11/13/2003 14:10,18.73
11/13/2003 14:20,19.33
11/13/2003 14:30,19.63
11/13/2003 14:40,20.23
11/13/2003 14:50,20.54
11/13/2003 15:00,20.84
11/13/2003 15:10,21.15
11/13/2003 15:20,21.77
11/13/2003 15:30,23.03
11/13/2003 15:40,23.98
11/13/2003 15:50,24.3
11/13/2003 16:00,24.3
11/13/2003 16:10,23.66
11/13/2003 16:20,23.03
11/13/2003 16:30,22.08
11/13/2003 16:40,21.15
11/13/2003 16:50,19.63
11/13/2003 17:00,18.13
11/13/2003 17:10,16.94
11/13/2003 17:20,16.05
11/13/2003 17:30,15.76
11/13/2003 17:40,15.17
11/13/2003 17:50,14.88
11/13/2003 18:00,14.88
11/13/2003 18:10,14.59
11/13/2003 18:20,14.3
11/13/2003 18:30,14.3
11/13/2003 18:40,14.3
11/13/2003 18:50,14.3
11/13/2003 19:00,14.01
11/13/2003 19:10,14.01
11/13/2003 19:20,14.01
11/13/2003 19:30,14.01
11/13/2003 19:40,14.01
11/13/2003 19:50,14.01
11/13/2003 20:00,13.72
11/13/2003 20:10,13.72
11/13/2003 20:20,13.72
11/13/2003 20:30,13.72
11/13/2003 20:40,13.43
11/13/2003 20:50,13.43
11/13/2003 21:00,13.43
11/13/2003 21:10,13.43
11/13/2003 21:20,13.43
11/13/2003 21:30,13.14
11/13/2003 21:40,13.14
11/13/2003 21:50,13.14
11/13/2003 22:00,13.14
11/13/2003 22:10,13.14
11/13/2003 22:20,13.14
11/13/2003 22:30,13.14
11/13/2003 22:40,13.14
11/13/2003 22:50,13.14
11/13/2003 23:00,13.14
11/13/2003 23:10,13.43
11/13/2003 23:20,13.43
11/13/2003 23:30,13.72
11/13/2003 23:40,14.88
11/13/2003 23:50,15.47
11/14/2003 0:00,15.76
11/14/2003 0:10,16.05
11/14/2003 0:20,16.05
11/14/2003 0:30,16.05
11/14/2003 0:40,16.05
11/14/2003 0:50,16.05
11/14/2003 1:00,16.05
11/14/2003 1:10,16.05
11/14/2003 1:20,16.05
11/14/2003 1:30,16.05
11/14/2003 1:40,16.05
11/14/2003 1:50,16.05
11/14/2003 2:00,16.05
11/14/2003 2:10,16.05
11/14/2003 2:20,16.05
11/14/2003 2:30,16.34
11/14/2003 2:40,16.34
11/14/2003 2:50,16.34
11/14/2003 3:00,16.34
11/14/2003 3:10,16.34
11/14/2003 3:20,16.34
11/14/2003 3:30,16.34
11/14/2003 3:40,16.34
11/14/2003 3:50,16.34
11/14/2003 4:00,16.34
11/14/2003 4:10,16.34
11/14/2003 4:20,16.34
11/14/2003 4:30,16.05
11/14/2003 4:40,16.05
11/14/2003 4:50,16.34
11/14/2003 5:00,16.34
11/14/2003 5:10,16.34
11/14/2003 5:20,16.34
11/14/2003 5:30,16.34
11/14/2003 5:40,16.05
11/14/2003 5:50,16.05
11/14/2003 6:00,16.05
11/14/2003 6:10,16.05
11/14/2003 6:20,16.05
11/14/2003 6:30,16.05
11/14/2003 6:40,16.05
11/14/2003 6:50,16.05
11/14/2003 7:00,16.05
11/14/2003 7:10,16.05
11/14/2003 7:20,16.05
11/14/2003 7:30,16.05
11/14/2003 7:40,16.05
11/14/2003 7:50,16.34
11/14/2003 8:00,16.34
11/14/2003 8:10,16.34
11/14/2003 8:20,16.34
11/14/2003 8:30,16.34
11/14/2003 8:40,16.34
11/14/2003 8:50,16.34
11/14/2003 9:00,16.34
11/14/2003 9:10,16.34
11/14/2003 9:20,16.34
11/14/2003 9:30,16.64
11/14/2003 9:40,16.64
11/14/2003 9:50,16.64
11/14/2003 10:00,16.64
11/14/2003 10:10,16.64
11/14/2003 10:20,16.94
11/14/2003 10:30,16.94
11/14/2003 10:40,16.94
11/14/2003 10:50,16.94
11/14/2003 11:00,16.94
11/14/2003 11:10,16.94
11/14/2003 11:20,17.23
11/14/2003 11:30,17.23
11/14/2003 11:40,17.23
11/14/2003 11:50,17.23
11/14/2003 12:00,17.53
11/14/2003 12:10,17.53
11/14/2003 12:20,17.53
11/14/2003 12:30,17.53
11/14/2003 12:40,17.53
11/14/2003 12:50,17.53
11/14/2003 13:00,17.53
11/14/2003 13:10,17.53
11/14/2003 13:20,17.53
11/14/2003 13:30,17.53
11/14/2003 13:40,17.83
11/14/2003 13:50,17.83
11/14/2003 14:00,17.83
11/14/2003 14:10,17.83
11/14/2003 14:20,18.13
11/14/2003 14:30,18.43
11/14/2003 14:40,18.43
11/14/2003 14:50,19.03
11/14/2003 15:00,19.33
11/14/2003 15:10,19.63
11/14/2003 15:20,19.93
11/14/2003 15:30,19.93
11/14/2003 15:40,19.63
11/14/2003 15:50,19.63
11/14/2003 16:00,19.33
11/14/2003 16:10,18.73
11/14/2003 16:20,17.83
11/14/2003 16:30,16.94
11/14/2003 16:40,16.05
11/14/2003 16:50,15.17
11/14/2003 17:00,14.59
11/14/2003 17:10,14.3
11/14/2003 17:20,14.01
11/14/2003 17:30,14.01
11/14/2003 17:40,14.01
11/14/2003 17:50,14.01
11/14/2003 18:00,14.01
11/14/2003 18:10,14.01
11/14/2003 18:20,14.01
11/14/2003 18:30,14.01
11/14/2003 18:40,14.01
11/14/2003 18:50,14.01
11/14/2003 19:00,14.01
11/14/2003 19:10,14.01
11/14/2003 19:20,14.01
11/14/2003 19:30,14.01
11/14/2003 19:40,14.01
11/14/2003 19:50,13.72
11/14/2003 20:00,13.72
11/14/2003 20:10,13.72
11/14/2003 20:20,14.01
11/14/2003 20:30,13.72
11/14/2003 20:40,13.72
11/14/2003 20:50,13.72
11/14/2003 21:00,13.43
11/14/2003 21:10,13.43
11/14/2003 21:20,13.43
11/14/2003 21:30,13.43
11/14/2003 21:40,13.43
11/14/2003 21:50,13.14
11/14/2003 22:00,13.14
11/14/2003 22:10,12.85
11/14/2003 22:20,12.85
11/14/2003 22:30,12.56
11/14/2003 22:40,12.56
11/14/2003 22:50,12.85
11/14/2003 23:00,12.85
11/14/2003 23:10,12.85
11/14/2003 23:20,12.85
11/14/2003 23:30,12.85
11/14/2003 23:40,12.85
11/14/2003 23:50,13.14
11/15/2003 0:00,13.43
11/15/2003 0:10,13.43
11/15/2003 0:20,13.72
11/15/2003 0:30,13.72
11/15/2003 0:40,14.01
11/15/2003 0:50,14.3
11/15/2003 1:00,14.59
11/15/2003 1:10,14.88
11/15/2003 1:20,15.47
11/15/2003 1:30,15.47
11/15/2003 1:40,15.47
11/15/2003 1:50,15.47
11/15/2003 2:00,15.47
11/15/2003 2:10,15.47
11/15/2003 2:20,15.47
11/15/2003 2:30,15.47
11/15/2003 2:40,15.47
11/15/2003 2:50,15.47
11/15/2003 3:00,15.76
11/15/2003 3:10,15.76
11/15/2003 3:20,15.47
11/15/2003 3:30,15.47
11/15/2003 3:40,15.47
11/15/2003 3:50,15.47
11/15/2003 4:00,15.47
11/15/2003 4:10,15.47
11/15/2003 4:20,15.47
11/15/2003 4:30,15.47
11/15/2003 4:40,15.47
11/15/2003 4:50,15.47
11/15/2003 5:00,15.47
11/15/2003 5:10,15.47
11/15/2003 5:20,15.17
11/15/2003 5:30,15.17
11/15/2003 5:40,15.17
11/15/2003 5:50,15.17
11/15/2003 6:00,15.17
11/15/2003 6:10,15.47
11/15/2003 6:20,15.47
11/15/2003 6:30,15.47
11/15/2003 6:40,15.47
11/15/2003 6:50,15.47
11/15/2003 7:00,15.47
11/15/2003 7:10,15.17
11/15/2003 7:20,15.17
11/15/2003 7:30,15.17
11/15/2003 7:40,15.47
11/15/2003 7:50,15.47
11/15/2003 8:00,15.47
11/15/2003 8:10,15.47
11/15/2003 8:20,15.47
11/15/2003 8:30,15.47
11/15/2003 8:40,15.47
11/15/2003 8:50,15.47
11/15/2003 9:00,15.47
11/15/2003 9:10,15.76
11/15/2003 9:20,15.76
11/15/2003 9:30,15.76
11/15/2003 9:40,15.76
11/15/2003 9:50,15.76
11/15/2003 10:00,15.76
11/15/2003 10:10,15.76
11/15/2003 10:20,15.76
11/15/2003 10:30,15.76
11/15/2003 10:40,15.76
11/15/2003 10:50,15.76
11/15/2003 11:00,15.76
11/15/2003 11:10,15.76
11/15/2003 11:20,15.76
11/15/2003 11:30,15.76
11/15/2003 11:40,15.76
11/15/2003 11:50,15.76
11/15/2003 12:00,15.76
11/15/2003 12:10,15.76
11/15/2003 12:20,15.76
11/15/2003 12:30,15.76
11/15/2003 12:40,15.76
11/15/2003 12:50,15.47
11/15/2003 13:00,15.47
11/15/2003 13:10,15.47
11/15/2003 13:20,15.47
11/15/2003 13:30,15.47
11/15/2003 13:40,15.17
11/15/2003 13:50,15.17
11/15/2003 14:00,15.17
11/15/2003 14:10,15.17
11/15/2003 14:20,15.17
11/15/2003 14:30,15.17
11/15/2003 14:40,15.17
11/15/2003 14:50,15.17
11/15/2003 15:00,15.17
11/15/2003 15:10,15.17
11/15/2003 15:20,15.17
11/15/2003 15:30,15.17
11/15/2003 15:40,15.17
11/15/2003 15:50,14.88
11/15/2003 16:00,14.88
11/15/2003 16:10,14.88
11/15/2003 16:20,14.88
11/15/2003 16:30,14.88
11/15/2003 16:40,14.88
11/15/2003 16:50,14.59
11/15/2003 17:00,14.59
11/15/2003 17:10,14.3
11/15/2003 17:20,14.01
11/15/2003 17:30,13.72
11/15/2003 17:40,13.14
11/15/2003 17:50,12.85
11/15/2003 18:00,12.56
11/15/2003 18:10,12.56
11/15/2003 18:20,12.27
11/15/2003 18:30,12.27
11/15/2003 18:40,12.27
11/15/2003 18:50,12.27
11/15/2003 19:00,12.27
11/15/2003 19:10,12.27
11/15/2003 19:20,12.27
11/15/2003 19:30,12.27
11/15/2003 19:40,11.98
11/15/2003 19:50,11.98
11/15/2003 20:00,11.98
11/15/2003 20:10,11.98
11/15/2003 20:20,11.69
11/15/2003 20:30,11.69
11/15/2003 20:40,11.69
11/15/2003 20:50,11.69
11/15/2003 21:00,11.69
11/15/2003 21:10,11.41
11/15/2003 21:20,11.41
11/15/2003 21:30,11.41
11/15/2003 21:40,11.41
11/15/2003 21:50,11.41
11/15/2003 22:00,11.41
11/15/2003 22:10,11.41
11/15/2003 22:20,11.69
11/15/2003 22:30,11.69
11/15/2003 22:40,11.41
11/15/2003 22:50,11.41
11/15/2003 23:00,11.41
11/15/2003 23:10,11.12
11/15/2003 23:20,11.12
11/15/2003 23:30,11.12
11/15/2003 23:40,11.41
11/15/2003 23:50,11.41
11/16/2003 0:00,11.41
11/16/2003 0:10,11.41
11/16/2003 0:20,11.69
11/16/2003 0:30,11.69
11/16/2003 0:40,11.98
11/16/2003 0:50,12.56
11/16/2003 1:00,12.85
11/16/2003 1:10,13.14
11/16/2003 1:20,13.43
11/16/2003 1:30,13.72
11/16/2003 1:40,13.72
11/16/2003 1:50,14.01
11/16/2003 2:00,14.01
11/16/2003 2:10,14.01
11/16/2003 2:20,14.01
11/16/2003 2:30,14.01
11/16/2003 2:40,14.01
11/16/2003 2:50,14.01
11/16/2003 3:00,14.01
11/16/2003 3:10,14.3
11/16/2003 3:20,14.3
11/16/2003 3:30,14.3
11/16/2003 3:40,14.3
11/16/2003 3:50,14.3
11/16/2003 4:00,14.3
11/16/2003 4:10,14.3
11/16/2003 4:20,14.3
11/16/2003 4:30,14.3
11/16/2003 4:40,14.3
11/16/2003 4:50,14.3
11/16/2003 5:00,14.3
11/16/2003 5:10,14.3
11/16/2003 5:20,14.3
11/16/2003 5:30,14.3
11/16/2003 5:40,14.3
11/16/2003 5:50,14.01
11/16/2003 6:00,14.01
11/16/2003 6:10,14.01
11/16/2003 6:20,14.01
11/16/2003 6:30,14.01
11/16/2003 6:40,14.01
11/16/2003 6:50,14.01
11/16/2003 7:00,14.01
11/16/2003 7:10,14.01
11/16/2003 7:20,14.01
11/16/2003 7:30,14.01
11/16/2003 7:40,14.01
11/16/2003 7:50,14.01
11/16/2003 8:00,14.01
11/16/2003 8:10,14.3
11/16/2003 8:20,14.3
11/16/2003 8:30,14.59
11/16/2003 8:40,14.59
11/16/2003 8:50,14.59
11/16/2003 9:00,14.59
11/16/2003 9:10,14.88
11/16/2003 9:20,14.88
11/16/2003 9:30,14.88
11/16/2003 9:40,15.17
11/16/2003 9:50,15.17
11/16/2003 10:00,15.47
11/16/2003 10:10,15.47
11/16/2003 10:20,15.47
11/16/2003 10:30,15.47
11/16/2003 10:40,15.47
11/16/2003 10:50,15.47
11/16/2003 11:00,15.76
11/16/2003 11:10,15.76
11/16/2003 11:20,15.76
11/16/2003 11:30,15.76
11/16/2003 11:40,15.76
11/16/2003 11:50,15.76
11/16/2003 12:00,15.76
11/16/2003 12:10,15.76
11/16/2003 12:20,15.76
11/16/2003 12:30,15.47
11/16/2003 12:40,15.47
11/16/2003 12:50,15.47
11/16/2003 13:00,15.47
11/16/2003 13:10,15.17
11/16/2003 13:20,15.47
11/16/2003 13:30,15.47
11/16/2003 13:40,15.17
11/16/2003 13:50,15.47
11/16/2003 14:00,15.47
11/16/2003 14:10,15.47
11/16/2003 14:20,15.47
11/16/2003 14:30,15.47
11/16/2003 14:40,15.47
11/16/2003 14:50,15.47
11/16/2003 15:00,15.17
11/16/2003 15:10,15.47
11/16/2003 15:20,15.47
11/16/2003 15:30,15.47
11/16/2003 15:40,15.47
11/16/2003 15:50,15.47
11/16/2003 16:00,15.47
11/16/2003 16:10,15.17
11/16/2003 16:20,15.17
11/16/2003 16:30,15.17
11/16/2003 16:40,14.88
11/16/2003 16:50,14.59
11/16/2003 17:00,14.59
11/16/2003 17:10,14.3
11/16/2003 17:20,14.3
11/16/2003 17:30,14.3
11/16/2003 17:40,14.3
11/16/2003 17:50,14.01
11/16/2003 18:00,14.01
11/16/2003 18:10,14.01
11/16/2003 18:20,14.01
11/16/2003 18:30,14.01
11/16/2003 18:40,13.72
11/16/2003 18:50,13.43
11/16/2003 19:00,13.14
11/16/2003 19:10,12.85
11/16/2003 19:20,12.56
11/16/2003 19:30,12.27
11/16/2003 19:40,12.27
11/16/2003 19:50,11.98
11/16/2003 20:00,11.98
11/16/2003 20:10,11.98
11/16/2003 20:20,11.98
11/16/2003 20:30,11.69
11/16/2003 20:40,11.69
11/16/2003 20:50,11.69
11/16/2003 21:00,11.69
11/16/2003 21:10,11.69
11/16/2003 21:20,11.69
11/16/2003 21:30,11.69
11/16/2003 21:40,11.69
11/16/2003 21:50,11.69
11/16/2003 22:00,11.69
11/16/2003 22:10,11.69
11/16/2003 22:20,11.69
11/16/2003 22:30,11.69
11/16/2003 22:40,11.41
11/16/2003 22:50,11.41
11/16/2003 23:00,11.41
11/16/2003 23:10,11.41
11/16/2003 23:20,11.41
11/16/2003 23:30,11.41
11/16/2003 23:40,11.41
11/16/2003 23:50,11.41
11/17/2003 0:00,11.41
11/17/2003 0:10,11.41
11/17/2003 0:20,11.41
11/17/2003 0:30,11.41
11/17/2003 0:40,11.41
11/17/2003 0:50,11.41
11/17/2003 1:00,11.12
11/17/2003 1:10,11.41
11/17/2003 1:20,11.69
11/17/2003 1:30,11.98
11/17/2003 1:40,12.56
11/17/2003 1:50,12.85
11/17/2003 2:00,12.85
11/17/2003 2:10,13.14
11/17/2003 2:20,13.14
11/17/2003 2:30,13.14
11/17/2003 2:40,13.14
11/17/2003 2:50,13.14
11/17/2003 3:00,13.43
11/17/2003 3:10,13.43
11/17/2003 3:20,13.43
11/17/2003 3:30,13.43
11/17/2003 3:40,13.43
11/17/2003 3:50,13.43
11/17/2003 4:00,13.43
11/17/2003 4:10,13.43
11/17/2003 4:20,13.43
11/17/2003 4:30,13.43
11/17/2003 4:40,13.43
11/17/2003 4:50,13.43
11/17/2003 5:00,13.43
11/17/2003 5:10,13.43
11/17/2003 5:20,13.43
11/17/2003 5:30,13.43
11/17/2003 5:40,13.43
11/17/2003 5:50,13.43
11/17/2003 6:00,13.43
11/17/2003 6:10,13.43
11/17/2003 6:20,13.43
11/17/2003 6:30,13.43
11/17/2003 6:40,13.43
11/17/2003 6:50,13.43
11/17/2003 7:00,13.43
11/17/2003 7:10,13.43
11/17/2003 7:20,13.43
11/17/2003 7:30,13.43
11/17/2003 7:40,13.43
11/17/2003 7:50,13.43
11/17/2003 8:00,13.43
11/17/2003 8:10,13.43
11/17/2003 8:20,13.43
11/17/2003 8:30,13.72
11/17/2003 8:40,13.72
11/17/2003 8:50,13.72
11/17/2003 9:00,14.01
11/17/2003 9:10,14.01
11/17/2003 9:20,14.01
11/17/2003 9:30,14.3
11/17/2003 9:40,14.59
11/17/2003 9:50,14.88
11/17/2003 10:00,15.17
11/17/2003 10:10,15.17
11/17/2003 10:20,15.47
11/17/2003 10:30,15.47
11/17/2003 10:40,15.76
11/17/2003 10:50,16.05
11/17/2003 11:00,16.34
11/17/2003 11:10,16.34
11/17/2003 11:20,16.34
11/17/2003 11:30,16.64
11/17/2003 11:40,16.34
11/17/2003 11:50,16.34
11/17/2003 12:00,16.64
11/17/2003 12:10,16.64
11/17/2003 12:20,16.64
11/17/2003 12:30,16.64
11/17/2003 12:40,16.34
11/17/2003 12:50,16.34
11/17/2003 13:00,16.34
11/17/2003 13:10,16.05
11/17/2003 13:20,16.05
11/17/2003 13:30,16.05
11/17/2003 13:40,15.76
11/17/2003 13:50,15.76
11/17/2003 14:00,15.47
11/17/2003 14:10,15.47
11/17/2003 14:20,15.17
11/17/2003 14:30,14.88
11/17/2003 14:40,14.88
11/17/2003 14:50,14.59
11/17/2003 15:00,14.59
11/17/2003 15:10,14.3
11/17/2003 15:20,14.59
11/17/2003 15:30,14.3
11/17/2003 15:40,14.3
11/17/2003 15:50,14.3
11/17/2003 16:00,14.3
11/17/2003 16:10,14.01
11/17/2003 16:20,14.01
11/17/2003 16:30,14.01
11/17/2003 16:40,14.01
11/17/2003 16:50,14.01
11/17/2003 17:00,14.01
11/17/2003 17:10,14.01
11/17/2003 17:20,14.01
11/17/2003 17:30,14.01
11/17/2003 17:40,14.01
11/17/2003 17:50,14.01
11/17/2003 18:00,13.72
11/17/2003 18:10,13.72
11/17/2003 18:20,13.72
11/17/2003 18:30,13.43
11/17/2003 18:40,13.43
11/17/2003 18:50,13.43
11/17/2003 19:00,13.43
11/17/2003 19:10,13.43
11/17/2003 19:20,13.43
11/17/2003 19:30,13.14
11/17/2003 19:40,13.14
11/17/2003 19:50,13.14
11/17/2003 20:00,13.14
11/17/2003 20:10,12.85
11/17/2003 20:20,12.85
11/17/2003 20:30,12.56
11/17/2003 20:40,12.27
11/17/2003 20:50,11.98
11/17/2003 21:00,11.98
11/17/2003 21:10,11.69
11/17/2003 21:20,11.69
11/17/2003 21:30,11.69
11/17/2003 21:40,11.41
11/17/2003 21:50,11.41
11/17/2003 22:00,11.41
11/17/2003 22:10,11.12
11/17/2003 22:20,11.12
11/17/2003 22:30,11.12
11/17/2003 22:40,11.12
11/17/2003 22:50,11.12
11/17/2003 23:00,11.12
11/17/2003 23:10,11.12
11/17/2003 23:20,11.12
11/17/2003 23:30,11.12
11/17/2003 23:40,11.12
11/17/2003 23:50,11.12
11/18/2003 0:00,10.83
11/18/2003 0:10,10.83
11/18/2003 0:20,10.83
11/18/2003 0:30,10.83
11/18/2003 0:40,10.83
11/18/2003 0:50,10.54
11/18/2003 1:00,10.83
11/18/2003 1:10,10.83
11/18/2003 1:20,10.83
11/18/2003 1:30,10.54
11/18/2003 1:40,11.12
11/18/2003 1:50,11.41
11/18/2003 2:00,11.98
11/18/2003 2:10,12.27
11/18/2003 2:20,12.56
11/18/2003 2:30,12.56
11/18/2003 2:40,12.85
11/18/2003 2:50,12.85
11/18/2003 3:00,12.85
11/18/2003 3:10,12.85
11/18/2003 3:20,12.85
11/18/2003 3:30,12.85
11/18/2003 3:40,12.85
11/18/2003 3:50,12.85
11/18/2003 4:00,12.85
11/18/2003 4:10,12.85
11/18/2003 4:20,12.85
11/18/2003 4:30,12.85
11/18/2003 4:40,12.85
11/18/2003 4:50,12.85
11/18/2003 5:00,12.85
11/18/2003 5:10,12.85
11/18/2003 5:20,12.85
11/18/2003 5:30,12.85
11/18/2003 5:40,12.85
11/18/2003 5:50,12.85
11/18/2003 6:00,12.85
11/18/2003 6:10,12.85
11/18/2003 6:20,12.85
11/18/2003 6:30,12.85
11/18/2003 6:40,12.85
11/18/2003 6:50,12.85
11/18/2003 7:00,12.85
11/18/2003 7:10,12.85
11/18/2003 7:20,12.85
11/18/2003 7:30,12.85
11/18/2003 7:40,12.85
11/18/2003 7:50,12.85
11/18/2003 8:00,12.85
11/18/2003 8:10,13.14
11/18/2003 8:20,13.14
11/18/2003 8:30,13.14
11/18/2003 8:40,13.43
11/18/2003 8:50,13.43
11/18/2003 9:00,13.72
11/18/2003 9:10,14.01
11/18/2003 9:20,14.01
11/18/2003 9:30,14.3
11/18/2003 9:40,14.59
11/18/2003 9:50,14.88
11/18/2003 10:00,15.17
11/18/2003 10:10,15.47
11/18/2003 10:20,16.05
11/18/2003 10:30,16.34
11/18/2003 10:40,16.64
11/18/2003 10:50,16.94
11/18/2003 11:00,17.23
11/18/2003 11:10,17.53
11/18/2003 11:20,17.83
11/18/2003 11:30,18.13
11/18/2003 11:40,18.43
11/18/2003 11:50,18.43
11/18/2003 12:00,19.03
11/18/2003 12:10,18.73
11/18/2003 12:20,19.03
11/18/2003 12:30,19.33
11/18/2003 12:40,19.33
11/18/2003 12:50,19.33
11/18/2003 13:00,19.03
11/18/2003 13:10,19.03
11/18/2003 13:20,19.03
11/18/2003 13:30,18.73
11/18/2003 13:40,18.43
11/18/2003 13:50,18.43
11/18/2003 14:00,18.13
11/18/2003 14:10,17.83
11/18/2003 14:20,17.53
11/18/2003 14:30,17.23
11/18/2003 14:40,16.94
11/18/2003 14:50,16.64
11/18/2003 15:00,16.34
11/18/2003 15:10,16.05
11/18/2003 15:20,15.76
11/18/2003 15:30,15.47
11/18/2003 15:40,15.17
11/18/2003 15:50,15.17
11/18/2003 16:00,14.88
11/18/2003 16:10,14.88
11/18/2003 16:20,14.59
11/18/2003 16:30,14.59
11/18/2003 16:40,14.59
11/18/2003 16:50,14.59
11/18/2003 17:00,14.59
11/18/2003 17:10,14.59
11/18/2003 17:20,14.59
11/18/2003 17:30,14.59
11/18/2003 17:40,14.59
11/18/2003 17:50,14.3
11/18/2003 18:00,14.3
11/18/2003 18:10,14.3
11/18/2003 18:20,14.3
11/18/2003 18:30,14.3
11/18/2003 18:40,14.3
11/18/2003 18:50,14.3
11/18/2003 19:00,14.3
11/18/2003 19:10,14.3
11/18/2003 19:20,14.3
11/18/2003 19:30,14.3
11/18/2003 19:40,14.3
11/18/2003 19:50,14.3
11/18/2003 20:00,14.3
11/18/2003 20:10,14.3
11/18/2003 20:20,14.3
11/18/2003 20:30,14.3
11/18/2003 20:40,14.3
11/18/2003 20:50,14.01
11/18/2003 21:00,14.01
11/18/2003 21:10,13.72
11/18/2003 21:20,13.72
11/18/2003 21:30,13.43
11/18/2003 21:40,13.14
11/18/2003 21:50,12.85
11/18/2003 22:00,12.85
11/18/2003 22:10,12.56
11/18/2003 22:20,12.56
11/18/2003 22:30,12.56
11/18/2003 22:40,12.56
11/18/2003 22:50,12.56
11/18/2003 23:00,12.27
11/18/2003 23:10,12.27
11/18/2003 23:20,12.27
11/18/2003 23:30,12.27
11/18/2003 23:40,12.27
11/18/2003 23:50,11.98
11/19/2003 0:00,11.98
11/19/2003 0:10,11.98
11/19/2003 0:20,11.69
11/19/2003 0:30,11.69
11/19/2003 0:40,11.69
11/19/2003 0:50,11.69
11/19/2003 1:00,11.69
11/19/2003 1:10,11.69
11/19/2003 1:20,11.69
11/19/2003 1:30,11.69
11/19/2003 1:40,11.69
11/19/2003 1:50,12.27
11/19/2003 2:00,12.85
11/19/2003 2:10,13.43
11/19/2003 2:20,14.01
11/19/2003 2:30,14.3
11/19/2003 2:40,14.59
11/19/2003 2:50,14.59
11/19/2003 3:00,14.59
11/19/2003 3:10,14.59
11/19/2003 3:20,14.88
11/19/2003 3:30,14.88
11/19/2003 3:40,14.88
11/19/2003 3:50,14.88
11/19/2003 4:00,14.88
11/19/2003 4:10,14.88
11/19/2003 4:20,14.88
11/19/2003 4:30,14.88
11/19/2003 4:40,14.88
11/19/2003 4:50,14.88
11/19/2003 5:00,14.88
11/19/2003 5:10,14.88
11/19/2003 5:20,14.88
11/19/2003 5:30,14.88
11/19/2003 5:40,14.88
11/19/2003 5:50,14.88
11/19/2003 6:00,14.88
11/19/2003 6:10,14.88
11/19/2003 6:20,14.88
11/19/2003 6:30,14.88
11/19/2003 6:40,14.88
11/19/2003 6:50,14.88
11/19/2003 7:00,14.88
11/19/2003 7:10,14.88
11/19/2003 7:20,14.88
11/19/2003 7:30,14.88
11/19/2003 7:40,14.88
11/19/2003 7:50,14.88
11/19/2003 8:00,14.88
11/19/2003 8:10,14.88
11/19/2003 8:20,15.17
11/19/2003 8:30,15.17
11/19/2003 8:40,15.17
11/19/2003 8:50,15.17
11/19/2003 9:00,15.47
11/19/2003 9:10,15.76
11/19/2003 9:20,16.05
11/19/2003 9:30,16.34
11/19/2003 9:40,16.94
11/19/2003 9:50,16.94
11/19/2003 10:00,17.53
11/19/2003 10:10,17.53
11/19/2003 10:20,17.83
11/19/2003 10:30,18.43
11/19/2003 10:40,19.63
11/19/2003 10:50,20.54
11/19/2003 11:00,20.84
11/19/2003 11:10,21.15
11/19/2003 11:20,22.72
11/19/2003 11:30,24.62
11/19/2003 11:40,26.24
11/19/2003 11:50,27.23
11/19/2003 12:00,27.57
11/19/2003 12:10,27.9
11/19/2003 12:20,27.9
11/19/2003 12:30,28.24
11/19/2003 12:40,28.58
11/19/2003 12:50,29.26
11/19/2003 13:00,29.96
11/19/2003 13:10,29.96
11/19/2003 13:20,28.24
11/19/2003 13:30,28.58
11/19/2003 13:40,26.57
11/19/2003 13:50,23.98
11/19/2003 14:00,23.66
11/19/2003 14:10,23.66
11/19/2003 14:20,23.03
11/19/2003 14:30,22.4
11/19/2003 14:40,21.46
11/19/2003 14:50,20.84
11/19/2003 15:00,20.23
11/19/2003 15:10,19.93
11/19/2003 15:20,19.03
11/19/2003 15:30,18.73
11/19/2003 15:40,18.13
11/19/2003 15:50,17.53
11/19/2003 16:00,16.94
11/19/2003 16:10,16.64
11/19/2003 16:20,16.34
11/19/2003 16:30,16.05
11/19/2003 16:40,16.05
11/19/2003 16:50,16.05
11/19/2003 17:00,16.05
11/19/2003 17:10,16.05
11/19/2003 17:20,16.05
11/19/2003 17:30,15.76
11/19/2003 17:40,15.76
11/19/2003 17:50,15.76
11/19/2003 18:00,15.76
11/19/2003 18:10,15.76
11/19/2003 18:20,15.76
11/19/2003 18:30,15.76
11/19/2003 18:40,15.76
11/19/2003 18:50,15.76
11/19/2003 19:00,15.76
11/19/2003 19:10,15.76
11/19/2003 19:20,15.76
11/19/2003 19:30,15.76
11/19/2003 19:40,15.76
11/19/2003 19:50,15.47
11/19/2003 20:00,15.47
11/19/2003 20:10,15.47
11/19/2003 20:20,15.47
11/19/2003 20:30,15.47
11/19/2003 20:40,15.47
11/19/2003 20:50,15.47
11/19/2003 21:00,15.47
11/19/2003 21:10,15.47
11/19/2003 21:20,15.17
11/19/2003 21:30,15.17
11/19/2003 21:40,14.88
11/19/2003 21:50,14.59
11/19/2003 22:00,14.3
11/19/2003 22:10,14.01
11/19/2003 22:20,13.72
11/19/2003 22:30,13.43
11/19/2003 22:40,13.43
11/19/2003 22:50,13.14
11/19/2003 23:00,13.14
11/19/2003 23:10,13.14
11/19/2003 23:20,13.14
11/19/2003 23:30,13.14
11/19/2003 23:40,12.85
